International_data,,,,,,,,,,,,,,,,,,,,,,,
http://www.eia.gov/beta/international/data/browser/#?ord=CR&cy=2013&v=H&vo=0&so=0&io=0&start=1993&end=2013&vs=INTL.7-2-AFG-TST.A~INTL.7-2-ALB-TST.A~INTL.7-2-DZA-TST.A~INTL.7-2-ASM-TST.A~INTL.7-2-AGO-TST.A~INTL.7-2-ATA-TST.A~INTL.7-2-ATG-TST.A~INTL.7-2-ARG-TST.A~INTL.7-2-ARM-TST.A~INTL.7-2-ABW-TST.A~INTL.7-2-AUS-TST.A~INTL.7-2-AUT-TST.A~INTL.7-2-AZE-TST.A~INTL.7-2-BHS-TST.A~INTL.7-2-BHR-TST.A~INTL.7-2-BGD-TST.A~INTL.7-2-BRB-TST.A~INTL.7-2-BLR-TST.A~INTL.7-2-BEL-TST.A~INTL.7-2-BLZ-TST.A~INTL.7-2-BEN-TST.A~INTL.7-2-BMU-TST.A~INTL.7-2-BTN-TST.A~INTL.7-2-BOL-TST.A~INTL.7-2-BIH-TST.A~INTL.7-2-BWA-TST.A~INTL.7-2-BRA-TST.A~INTL.7-2-BRN-TST.A~INTL.7-2-BGR-TST.A~INTL.7-2-BFA-TST.A~INTL.7-2-MMR-TST.A~INTL.7-2-BDI-TST.A~INTL.7-2-KHM-TST.A~INTL.7-2-CMR-TST.A~INTL.7-2-CAN-TST.A~INTL.7-2-CPV-TST.A~INTL.7-2-CYM-TST.A~INTL.7-2-CAF-TST.A~INTL.7-2-TCD-TST.A~INTL.7-2-CHL-TST.A~INTL.7-2-CHN-TST.A~INTL.7-2-COL-TST.A~INTL.7-2-COM-TST.A~INTL.7-2-COG-TST.A~INTL.7-2-COD-TST.A~INTL.7-2-COK-TST.A~INTL.7-2-CRI-TST.A~INTL.7-2-CIV-TST.A~INTL.7-2-HRV-TST.A~INTL.7-2-CUB-TST.A~INTL.7-2-CYP-TST.A~INTL.7-2-CZE-TST.A~INTL.7-2-DNK-TST.A~INTL.7-2-DJI-TST.A~INTL.7-2-DMA-TST.A~INTL.7-2-DOM-TST.A~INTL.7-2-ECU-TST.A~INTL.7-2-EGY-TST.A~INTL.7-2-SLV-TST.A~INTL.7-2-GNQ-TST.A~INTL.7-2-ERI-TST.A~INTL.7-2-EST-TST.A~INTL.7-2-ETH-TST.A~INTL.7-2-FLK-TST.A~INTL.7-2-FRO-TST.A~INTL.7-2-FJI-TST.A~INTL.7-2-FIN-TST.A~INTL.7-2-CSK-TST.A~INTL.7-2-SCG-TST.A~INTL.7-2-SUN-TST.A~INTL.7-2-YUG-TST.A~INTL.7-2-FRA-TST.A~INTL.7-2-GUF-TST.A~INTL.7-2-PYF-TST.A~INTL.7-2-GAB-TST.A~INTL.7-2-GMB-TST.A~INTL.7-2-GEO-TST.A~INTL.7-2-DEU-TST.A~INTL.7-2-DDR-TST.A~INTL.7-2-DEUW-TST.A~INTL.7-2-GHA-TST.A~INTL.7-2-GIB-TST.A~INTL.7-2-GRC-TST.A~INTL.7-2-GRL-TST.A~INTL.7-2-GRD-TST.A~INTL.7-2-GLP-TST.A~INTL.7-2-GUM-TST.A~INTL.7-2-GTM-TST.A~INTL.7-2-GIN-TST.A~INTL.7-2-GNB-TST.A~INTL.7-2-GUY-TST.A~INTL.7-2-HTI-TST.A~INTL.7-2-HITZ-TST.A~INTL.7-2-HND-TST.A~INTL.7-2-HKG-TST.A~INTL.7-2-HUN-TST.A~INTL.7-2-ISL-TST.A~INTL.7-2-IND-TST.A~INTL.7-2-IDN-TST.A~INTL.7-2-IRN-TST.A~INTL.7-2-IRQ-TST.A~INTL.7-2-IRL-TST.A~INTL.7-2-ISR-TST.A~INTL.7-2-ITA-TST.A~INTL.7-2-JAM-TST.A~INTL.7-2-JPN-TST.A~INTL.7-2-JOR-TST.A~INTL.7-2-KAZ-TST.A~INTL.7-2-KEN-TST.A~INTL.7-2-KIR-TST.A~INTL.7-2-PRK-TST.A~INTL.7-2-KOR-TST.A~INTL.7-2-UNK-TST.A~INTL.7-2-KWT-TST.A~INTL.7-2-KGZ-TST.A~INTL.7-2-LAO-TST.A~INTL.7-2-LVA-TST.A~INTL.7-2-LBN-TST.A~INTL.7-2-LSO-TST.A~INTL.7-2-LBR-TST.A~INTL.7-2-LBY-TST.A~INTL.7-2-LTU-TST.A~INTL.7-2-LUX-TST.A~INTL.7-2-MAC-TST.A~INTL.7-2-MKD-TST.A~INTL.7-2-MDG-TST.A~INTL.7-2-MWI-TST.A~INTL.7-2-MYS-TST.A~INTL.7-2-MDV-TST.A~INTL.7-2-MLI-TST.A~INTL.7-2-MLT-TST.A~INTL.7-2-MTQ-TST.A~INTL.7-2-MRT-TST.A~INTL.7-2-MUS-TST.A~INTL.7-2-MEX-TST.A~INTL.7-2-FSM-TST.A~INTL.7-2-MDA-TST.A~INTL.7-2-MNG-TST.A~INTL.7-2-MNE-TST.A~INTL.7-2-MSR-TST.A~INTL.7-2-MAR-TST.A~INTL.7-2-MOZ-TST.A~INTL.7-2-NAM-TST.A~INTL.7-2-NRU-TST.A~INTL.7-2-NPL-TST.A~INTL.7-2-NLD-TST.A~INTL.7-2-NLDA-TST.A~INTL.7-2-NCL-TST.A~INTL.7-2-NZL-TST.A~INTL.7-2-NIC-TST.A~INTL.7-2-NER-TST.A~INTL.7-2-NGA-TST.A~INTL.7-2-NIU-TST.A~INTL.7-2-MNP-TST.A~INTL.7-2-NOR-TST.A~INTL.7-2-OMN-TST.A~INTL.7-2-PAK-TST.A~INTL.7-2-PSE-TST.A~INTL.7-2-PAN-TST.A~INTL.7-2-PNG-TST.A~INTL.7-2-PRY-TST.A~INTL.7-2-PER-TST.A~INTL.7-2-PHL-TST.A~INTL.7-2-POL-TST.A~INTL.7-2-PRT-TST.A~INTL.7-2-PRI-TST.A~INTL.7-2-QAT-TST.A~INTL.7-2-REU-TST.A~INTL.7-2-ROU-TST.A~INTL.7-2-RUS-TST.A~INTL.7-2-RWA-TST.A~INTL.7-2-SHN-TST.A~INTL.7-2-KNA-TST.A~INTL.7-2-LCA-TST.A~INTL.7-2-SPM-TST.A~INTL.7-2-VCT-TST.A~INTL.7-2-WSM-TST.A~INTL.7-2-STP-TST.A~INTL.7-2-SAU-TST.A~INTL.7-2-SEN-TST.A~INTL.7-2-SRB-TST.A~INTL.7-2-SYC-TST.A~INTL.7-2-SLE-TST.A~INTL.7-2-SGP-TST.A~INTL.7-2-SVK-TST.A~INTL.7-2-SVN-TST.A~INTL.7-2-SLB-TST.A~INTL.7-2-SOM-TST.A~INTL.7-2-ZAF-TST.A~INTL.7-2-ESP-TST.A~INTL.7-2-LKA-TST.A~INTL.7-2-SDN-TST.A~INTL.7-2-SUR-TST.A~INTL.7-2-SWZ-TST.A~INTL.7-2-SWE-TST.A~INTL.7-2-CHE-TST.A~INTL.7-2-SYR-TST.A~INTL.7-2-TWN-TST.A~INTL.7-2-TJK-TST.A~INTL.7-2-TZA-TST.A~INTL.7-2-THA-TST.A~INTL.7-2-TLS-TST.A~INTL.7-2-TGO-TST.A~INTL.7-2-TON-TST.A~INTL.7-2-TTO-TST.A~INTL.7-2-TUN-TST.A~INTL.7-2-TUR-TST.A~INTL.7-2-TKM-TST.A~INTL.7-2-TCA-TST.A~INTL.7-2-TUV-TST.A~INTL.7-2-USIQ-TST.A~INTL.7-2-USOH-TST.A~INTL.7-2-UGA-TST.A~INTL.7-2-UKR-TST.A~INTL.7-2-ARE-TST.A~INTL.7-2-GBR-TST.A~INTL.7-2-USA-TST.A~INTL.7-2-URY-TST.A~INTL.7-2-UZB-TST.A~INTL.7-2-VUT-TST.A~INTL.7-2-VEN-TST.A~INTL.7-2-VNM-TST.A~INTL.7-2-VIR-TST.A~INTL.7-2-VGB-TST.A~INTL.7-2-WAK-TST.A~INTL.7-2-ESH-TST.A~INTL.7-2-YEM-TST.A~INTL.7-2-ZMB-TST.A~INTL.7-2-ZWE-TST.A&c=ruvvvvvfvtvnvv1vrvvvvfvvvvvvfvvvou20evvvvvvvvvvvvuvo&pa=000000000000000000000000000000000000004&f=A&ug=g&ct=0&tl_type=p&tl_id=1-A&s=,,,,,,,,,,,,,,,,,,,,,,,
Mon Apr 25 2016 06:44:17 GMT-0400 (EDT),,,,,,,,,,,,,,,,,,,,,,,
Source: U.S. Energy Information Administration,,,,,,,,,,,,,,,,,,,,,,,
,,,1993,1994,1995,1996,1997,1998,1999,2000,2001,2002,2003,2004,2005,2006,2007,2008,2009,2010,2011,2012,2013
,Coal,1000 ST,,,,,,,,,,,,,,,,,,,,,
,Afghanistan,,,,,,,,,,,,,,,,,,,,,,
,Consumption,,,,,,,,,,,,,,,,,,,,,,
,Total Primary Coal,1000 ST,7.7,6.6,5.5,3.3,2.2,2.2,1.1,1.1,29,23,39,37,36,39,268,383,551,799,799,827,1499
,Albania,,,,,,,,,,,,,,,,,,,,,,
,Consumption,,,,,,,,,,,,,,,,,,,,,,
,Total Primary Coal,1000 ST,227,186,88,125,43,54,130,80,98,68,71,71,60,60,60,77,177,195,239,279,116
,Algeria,,,,,,,,,,,,,,,,,,,,,,
,Consumption,,,,,,,,,,,,,,,,,,,,,,
,Total Primary Coal,1000 ST,909,923,553,364,597,884,804,759,819,1074,1074,678,859,955,944,944,320,,,,43
,American Samoa,,,,,,,,,,,,,,,,,,,,,,
,Consumption,,,,,,,,,,,,,,,,,,,,,,
,Total Primary Coal,1000 ST,,,,,,,,,,,,,,,,,,,,,
,Angola,,,,,,,,,,,,,,,,,,,,,,
,Consumption,,,,,,,,,,,,,,,,,,,,,,
,Total Primary Coal,1000 ST,,,,,,,,,,,,,,,,,,,,,
,Antarctica,,,,,,,,,,,,,,,,,,,,,,
,Consumption,,,,,,,,,,,,,,,,,,,,,,
,Total Primary Coal,1000 ST,,,,,,,,,,,,,,,,,,,,,
,Antigua and Barbuda,,,,,,,,,,,,,,,,,,,,,,
,Consumption,,,,,,,,,,,,,,,,,,,,,,
,Total Primary Coal,1000 ST,,,,,,,,,,,,,,,,,,,,,
,Argentina,,,,,,,,,,,,,,,,,,,,,,
,Consumption,,,,,,,,,,,,,,,,,,,,,,
,Total Primary Coal,1000 ST,1195,2033,1581,1313,1285,1268,1293,1023,1287,931,1026,836,1470,1422,1559,1641,1345,1658,1961,1782,2074
,Armenia,,,,,,,,,,,,,,,,,,,,,,
,Consumption,,,,,,,,,,,,,,,,,,,,,,
,Total Primary Coal,1000 ST,3.3,40,3.3,5.5,5.5,5.5,3.3,,,20,30,,,1.1,3.3,2.2,,1.1,,2.2,
,Aruba,,,,,,,,,,,,,,,,,,,,,,
,Consumption,,,,,,,,,,,,,,,,,,,,,,
,Total Primary Coal,1000 ST,,,,,,,,,,,,,,,,,,,,,
,Australia,,,,,,,,,,,,,,,,,,,,,,
,Consumption,,,,,,,,,,,,,,,,,,,,,,
,Total Primary Coal,1000 ST,109760,110536,112977,121146,127234,138201,141012,141231,141285,143589,148964,150279,155462,156989,154793,154021,157755,152337,147661,145564,132565
,Austria,,,,,,,,,,,,,,,,,,,,,,
,Consumption,,,,,,,,,,,,,,,,,,,,,,
,Total Primary Coal,1000 ST,4836,4798,5660,5969,5938,5064,5583,5627,6129,5955,6575,6110,5870,5504,4813,4527,3605,4238,4333,3943,3948
,Azerbaijan,,,,,,,,,,,,,,,,,,,,,,
,Consumption,,,,,,,,,,,,,,,,,,,,,,
,Total Primary Coal,1000 ST,7.7,8.8,6.6,6.6,6.6,1.1,,,,,,,,,,,,,,,5.5
,"Bahamas, The",,,,,,,,,,,,,,,,,,,,,,
,Consumption,,,,,,,,,,,,,,,,,,,,,,
,Total Primary Coal,1000 ST,,,,,,,,,,,,,,,,,,,,,
,Bahrain,,,,,,,,,,,,,,,,,,,,,,
,Consumption,,,,,,,,,,,,,,,,,,,,,,
,Total Primary Coal,1000 ST,,,,,,,,,,,,,,,,,,,,,
,Bangladesh,,,,,,,,,,,,,,,,,,,,,,
,Consumption,,,,,,,,,,,,,,,,,,,,,,
,Total Primary Coal,1000 ST,69,65,708,388,712,205,101,728,772,806,771,772,802,1066,1207,1458,1802,1792,1692,1994,2247
,Barbados,,,,,,,,,,,,,,,,,,,,,,
,Consumption,,,,,,,,,,,,,,,,,,,,,,
,Total Primary Coal,1000 ST,,,,,,,,,,,,,,,,,,,,,
,Belarus,,,,,,,,,,,,,,,,,,,,,,
,Consumption,,,,,,,,,,,,,,,,,,,,,,
,Total Primary Coal,1000 ST,1773,1322,1240,1230,893,834,572,556,477,368,324,258,185,146,91,84,87,87,100,395,599
,Belgium,,,,,,,,,,,,,,,,,,,,,,
,Consumption,,,,,,,,,,,,,,,,,,,,,,
,Total Primary Coal,1000 ST,13849,13748,13194,13078,13137,13016,11484,12789,11424,10042,9851,9849,8428,7882,7132,6559,5340,6335,5588,5151,5439
,Belize,,,,,,,,,,,,,,,,,,,,,,
,Consumption,,,,,,,,,,,,,,,,,,,,,,
,Total Primary Coal,1000 ST,,,,,,,,,,,,,,,,,,,,,
,Benin,,,,,,,,,,,,,,,,,,,,,,
,Consumption,,,,,,,,,,,,,,,,,,,,,,
,Total Primary Coal,1000 ST,,,,,,,,,,,,,,,,,,,,,
,Bermuda,,,,,,,,,,,,,,,,,,,,,,
,Consumption,,,,,,,,,,,,,,,,,,,,,,
,Total Primary Coal,1000 ST,,,,,,,,,,,,,,,,,,,,,
,Bhutan,,,,,,,,,,,,,,,,,,,,,,
,Consumption,,,,,,,,,,,,,,,,,,,,,,
,Total Primary Coal,1000 ST,12,50,57,65,78,75,73,73,60,70,46,10,41,36,33,47,24,32,36,36,110
,Bolivia,,,,,,,,,,,,,,,,,,,,,,
,Consumption,,,,,,,,,,,,,,,,,,,,,,
,Total Primary Coal,1000 ST,,,,,,,,,,,,,,,,,,,,,
,Bosnia and Herzegovina,,,,,,,,,,,,,,,,,,,,,,
,Consumption,,,,,,,,,,,,,,,,,,,,,,
,Total Primary Coal,1000 ST,14330,1543,1808,1863,6011,7755,7465,8198,8072,8633,9275,9595,10427,11056,10049,12274,12681,13328,15310,13961,8871
,Botswana,,,,,,,,,,,,,,,,,,,,,,
,Consumption,,,,,,,,,,,,,,,,,,,,,,
,Total Primary Coal,1000 ST,992,1004,1005,858,879,1125,1167,1145,1108,1131,944,1064,1086,1210,1020,1136,807,1070,845,791,1185
,Brazil,,,,,,,,,,,,,,,,,,,,,,
,Consumption,,,,,,,,,,,,,,,,,,,,,,
,Total Primary Coal,1000 ST,17758,18024,18888,19580,19953,19594,21462,22318,21906,19606,20108,21858,22143,22020,23076,23145,19211,23925,25204,26037,26919
,Brunei,,,,,,,,,,,,,,,,,,,,,,
,Consumption,,,,,,,,,,,,,,,,,,,,,,
,Total Primary Coal,1000 ST,,,,,,,,,,,,,,,,,,,,,
,Bulgaria,,,,,,,,,,,,,,,,,,,,,,
,Consumption,,,,,,,,,,,,,,,,,,,,,,
,Total Primary Coal,1000 ST,37680,35275,37731,37494,37096,36524,31819,32193,34549,31503,34873,33759,32122,33087,36959,36536,33296,35936,44275,38818,33596
,Burkina Faso,,,,,,,,,,,,,,,,,,,,,,
,Consumption,,,,,,,,,,,,,,,,,,,,,,
,Total Primary Coal,1000 ST,,,,,,,,,,,,,,,,,,,,,
,Burma (Myanmar),,,,,,,,,,,,,,,,,,,,,,
,Consumption,,,,,,,,,,,,,,,,,,,,,,
,Total Primary Coal,1000 ST,37,31,42,34,35,36,211,639,708,537,944,480,592,762,802,704,666,750,765,901,706
,Burundi,,,,,,,,,,,,,,,,,,,,,,
,Consumption,,,,,,,,,,,,,,,,,,,,,,
,Total Primary Coal,1000 ST,,,,,,,,,,,,,,,,,,,,,
,Cambodia,,,,,,,,,,,,,,,,,,,,,,
,Consumption,,,,,,,,,,,,,,,,,,,,,,
,Total Primary Coal,1000 ST,,,,,,,,,,,,,,,,,18,19,21,23,21
,Cameroon,,,,,,,,,,,,,,,,,,,,,,
,Consumption,,,,,,,,,,,,,,,,,,,,,,
,Total Primary Coal,1000 ST,,,,,,,,,,,,,,,,,,,,,
,Canada,,,,,,,,,,,,,,,,,,,,,,
,Consumption,,,,,,,,,,,,,,,,,,,,,,
,Total Primary Coal,1000 ST,54916,57428,58307,59497,63017,65625,65171,69728,66757,68846,68341,66610,60097,60230,57455,64322,53825,49808,45145,45625,37659
,Cape Verde,,,,,,,,,,,,,,,,,,,,,,
,Consumption,,,,,,,,,,,,,,,,,,,,,,
,Total Primary Coal,1000 ST,,,,,,,,,,,,,,,,,,,,,
,Cayman Islands,,,,,,,,,,,,,,,,,,,,,,
,Consumption,,,,,,,,,,,,,,,,,,,,,,
,Total Primary Coal,1000 ST,,,,,,,,,,,,,,,,,,,,,
,Central African Republic,,,,,,,,,,,,,,,,,,,,,,
,Consumption,,,,,,,,,,,,,,,,,,,,,,
,Total Primary Coal,1000 ST,,,,,,,,,,,,,,,,,,,,,
,Chad,,,,,,,,,,,,,,,,,,,,,,
,Consumption,,,,,,,,,,,,,,,,,,,,,,
,Total Primary Coal,1000 ST,,,,,,,,,,,,,,,,,,,,,
,Chile,,,,,,,,,,,,,,,,,,,,,,
,Consumption,,,,,,,,,,,,,,,,,,,,,,
,Total Primary Coal,1000 ST,2940,3466,3738,5176,6744,6400,6547,5061,3972,4001,3826,5075,5039,6313,6277,9019,7700,9113,11042,11871,11168
,Colombia,,,,,,,,,,,,,,,,,,,,,,
,Consumption,,,,,,,,,,,,,,,,,,,,,,
,Total Primary Coal,1000 ST,6089,5989,6049,5351,4932,5850,3779,3674,4548,3725,4247,3614,4413,3965,3471,5022,5553,7087,7152,6315,7678
,Comoros,,,,,,,,,,,,,,,,,,,,,,
,Consumption,,,,,,,,,,,,,,,,,,,,,,
,Total Primary Coal,1000 ST,,,,,,,,,,,,,,,,,,,,,
,Congo (Brazzaville),,,,,,,,,,,,,,,,,,,,,,
,Consumption,,,,,,,,,,,,,,,,,,,,,,
,Total Primary Coal,1000 ST,,,,,,,,,,,,,,,,,,,,,
,Congo (Kinshasa),,,,,,,,,,,,,,,,,,,,,,
,Consumption,,,,,,,,,,,,,,,,,,,,,,
,Total Primary Coal,1000 ST,,,,,,,,,,,,,,,,,,,,,161
,Cook Islands,,,,,,,,,,,,,,,,,,,,,,
,Consumption,,,,,,,,,,,,,,,,,,,,,,
,Total Primary Coal,1000 ST,,,,,,,,,,,,,,,,,,,,,
,Costa Rica,,,,,,,,,,,,,,,,,,,,,,
,Consumption,,,,,,,,,,,,,,,,,,,,,,
,Total Primary Coal,1000 ST,,,,,,,,1.1,55,1.1,40,2.2,2.2,2.2,28,1.1,4.4,1.1,9.9,3.3,3.3
,Cote dIvoire (IvoryCoast),,,,,,,,,,,,,,,,,,,,,,
,Consumption,,,,,,,,,,,,,,,,,,,,,,
,Total Primary Coal,1000 ST,,,,,,,,,,,,,,,,,,,,,
,Croatia,,,,,,,,,,,,,,,,,,,,,,
,Consumption,,,,,,,,,,,,,,,,,,,,,,
,Total Primary Coal,1000 ST,1116,705,365,293,462,434,383,775,861,1064,1238,1311,1257,1181,1263,1303,935,1291,1319,1160,1228
,Cuba,,,,,,,,,,,,,,,,,,,,,,
,Consumption,,,,,,,,,,,,,,,,,,,,,,
,Total Primary Coal,1000 ST,77,96,85,1.1,18,21,25,24,14,29,28,25,24,,20,26,25,25,25,24,2.9
,Cyprus,,,,,,,,,,,,,,,,,,,,,,
,Consumption,,,,,,,,,,,,,,,,,,,,,,
,Total Primary Coal,1000 ST,34,30,22,20,21,29,33,54,58,58,58,64,58,61,55,45,24,30,14,1.1,1.1
,Czech Republic,,,,,,,,,,,,,,,,,,,,,,
,Consumption,,,,,,,,,,,,,,,,,,,,,,
,Total Primary Coal,1000 ST,79417,72789,72299,72463,70304,64474,55500,66405,64057,61748,63289,62008,62158,64266,64668,60346,56138,55952,56735,53484,50140
,Denmark,,,,,,,,,,,,,,,,,,,,,,
,Consumption,,,,,,,,,,,,,,,,,,,,,,
,Total Primary Coal,1000 ST,12930,14121,12157,16541,12394,10428,8282,7355,7726,7589,10395,8012,6956,9938,8687,7366,7439,6929,6021,4502,5656
,Djibouti,,,,,,,,,,,,,,,,,,,,,,
,Consumption,,,,,,,,,,,,,,,,,,,,,,
,Total Primary Coal,1000 ST,,,,,,,,,,,,,,,,,,,,,
,Dominica,,,,,,,,,,,,,,,,,,,,,,
,Consumption,,,,,,,,,,,,,,,,,,,,,,
,Total Primary Coal,1000 ST,,,,,,,,,,,,,,,,,,,,,
,Dominican Republic,,,,,,,,,,,,,,,,,,,,,,
,Consumption,,,,,,,,,,,,,,,,,,,,,,
,Total Primary Coal,1000 ST,237,67,88,115,117,165,5.5,103,224,257,422,475,525,776,802,811,795,740,1069,961,924
,Ecuador,,,,,,,,,,,,,,,,,,,,,,
,Consumption,,,,,,,,,,,,,,,,,,,,,,
,Total Primary Coal,1000 ST,,,,,,,,,,,,,,,,,,,,,22
,Egypt,,,,,,,,,,,,,,,,,,,,,,
,Consumption,,,,,,,,,,,,,,,,,,,,,,
,Total Primary Coal,1000 ST,1634,2041,1698,2068,1792,1631,1554,2017,1800,1930,2001,2046,2001,1995,1813,1633,1451,1088,1088,998,180
,El Salvador,,,,,,,,,,,,,,,,,,,,,,
,Consumption,,,,,,,,,,,,,,,,,,,,,,
,Total Primary Coal,1000 ST,,,,,,,,,,,,,,,,,,,,,
,Equatorial Guinea,,,,,,,,,,,,,,,,,,,,,,
,Consumption,,,,,,,,,,,,,,,,,,,,,,
,Total Primary Coal,1000 ST,,,,,,,,,,,,,,,,,,,,,
,Eritrea,,,,,,,,,,,,,,,,,,,,,,
,Consumption,,,,,,,,,,,,,,,,,,,,,,
,Total Primary Coal,1000 ST,--,,,,,,,,,,,,,,,,,,,,
,Estonia,,,,,,,,,,,,,,,,,,,,,,
,Consumption,,,,,,,,,,,,,,,,,,,,,,
,Total Primary Coal,1000 ST,147,105,94,127,108,83,87,95,119,67,49,64,62,77,143,142,96,66,77,71,67
,Ethiopia,,,,,,,,,,,,,,,,,,,,,,
,Consumption,,,,,,,,,,,,,,,,,,,,,,
,Total Primary Coal,1000 ST,,,,,,,,,,,,,,,,17,46,55,187,375,321
,Falkland Islands (Islas Malvinas),,,,,,,,,,,,,,,,,,,,,,
,Consumption,,,,,,,,,,,,,,,,,,,,,,
,Total Primary Coal,1000 ST,,,,,,,,,,,,,,,,,,,,,
,Faroe Islands,,,,,,,,,,,,,,,,,,,,,,
,Consumption,,,,,,,,,,,,,,,,,,,,,,
,Total Primary Coal,1000 ST,,,,,,,,,,,,,,,,,,,,,
,Fiji,,,,,,,,,,,,,,,,,,,,,,
,Consumption,,,,,,,,,,,,,,,,,,,,,,
,Total Primary Coal,1000 ST,22,22,22,24,24,22,20,19,17,18,18,0.2,,,,,,,,,
,Finland,,,,,,,,,,,,,,,,,,,,,,
,Consumption,,,,,,,,,,,,,,,,,,,,,,
,Total Primary Coal,1000 ST,6497,8565,7184,8405,7710,5733,5530,5719,6888,7228,9703,8996,5205,8149,7994,5368,5712,7718,6159,5017,6455
,Former Czechoslovakia,,,,,,,,,,,,,,,,,,,,,,
,Consumption,,,,,,,,,,,,,,,,,,,,,,
,Total Primary Coal,1000 ST,--,--,--,--,--,--,--,--,--,--,--,--,--,--,--,--,--,--,--,--,--
,Former Serbia and Montenegro,,,,,,,,,,,,,,,,,,,,,,
,Consumption,,,,,,,,,,,,,,,,,,,,,,
,Total Primary Coal,1000 ST,40632,37203,44759,44276,47398,48698,36658,41143,40305,42551,44607,45635,40389,--,--,--,--,--,--,--,--
,Former U.S.S.R.,,,,,,,,,,,,,,,,,,,,,,
,Consumption,,,,,,,,,,,,,,,,,,,,,,
,Total Primary Coal,1000 ST,--,--,--,--,--,--,--,--,--,--,--,--,--,--,--,--,--,--,--,--,--
,Former Yugoslavia,,,,,,,,,,,,,,,,,,,,,,
,Consumption,,,,,,,,,,,,,,,,,,,,,,
,Total Primary Coal,1000 ST,--,--,--,--,--,--,--,--,--,--,--,--,--,--,--,--,--,--,--,--,--
,France,,,,,,,,,,,,,,,,,,,,,,
,Consumption,,,,,,,,,,,,,,,,,,,,,,
,Total Primary Coal,1000 ST,25409,24544,26624,28267,23001,27956,24688,23894,19007,21151,23964,23767,22973,20122,22214,20957,18728,20112,16907,19654,21594
,French Guiana,,,,,,,,,,,,,,,,,,,,,,
,Consumption,,,,,,,,,,,,,,,,,,,,,,
,Total Primary Coal,1000 ST,,,,,,,,,,,,,,,,,,,,,
,French Polynesia,,,,,,,,,,,,,,,,,,,,,,
,Consumption,,,,,,,,,,,,,,,,,,,,,,
,Total Primary Coal,1000 ST,,,,,,,,,,,,,,,,,,,,,
,Gabon,,,,,,,,,,,,,,,,,,,,,,
,Consumption,,,,,,,,,,,,,,,,,,,,,,
,Total Primary Coal,1000 ST,,,,,,,,,,,,,,,,,,,,,
,"Gambia, The",,,,,,,,,,,,,,,,,,,,,,
,Consumption,,,,,,,,,,,,,,,,,,,,,,
,Total Primary Coal,1000 ST,,,,,,,,,,,,,,,,,,,,,
,Georgia,,,,,,,,,,,,,,,,,,,,,,
,Consumption,,,,,,,,,,,,,,,,,,,,,,
,Total Primary Coal,1000 ST,313,457,51,22,13,40,31,39,4,6.6,13,15,20,18,21,130,249,190,162,284,471
,Germany,,,,,,,,,,,,,,,,,,,,,,
,Consumption,,,,,,,,,,,,,,,,,,,,,,
,Total Primary Coal,1000 ST,333973,316023,294363,287211,270474,259892,250138,263603,272037,269429,267116,273697,267138,273921,275968,263006,244457,256312,259831,270167,270404
,"Germany, East",,,,,,,,,,,,,,,,,,,,,,
,Consumption,,,,,,,,,,,,,,,,,,,,,,
,Total Primary Coal,1000 ST,--,--,--,--,--,--,--,--,--,--,--,--,--,--,--,--,--,--,--,--,--
,"Germany, West",,,,,,,,,,,,,,,,,,,,,,
,Consumption,,,,,,,,,,,,,,,,,,,,,,
,Total Primary Coal,1000 ST,--,--,--,--,--,--,--,--,--,--,--,--,--,--,--,--,--,--,--,--,--
,Ghana,,,,,,,,,,,,,,,,,,,,,,
,Consumption,,,,,,,,,,,,,,,,,,,,,,
,Total Primary Coal,1000 ST,,,,,,,,,,,,,,,,,,,,,33
,Gibraltar,,,,,,,,,,,,,,,,,,,,,,
,Consumption,,,,,,,,,,,,,,,,,,,,,,
,Total Primary Coal,1000 ST,,,,,,,,,,,,,,,,,,,,,
,Greece,,,,,,,,,,,,,,,,,,,,,,
,Consumption,,,,,,,,,,,,,,,,,,,,,,
,Total Primary Coal,1000 ST,62429,65488,64421,65704,66067,68235,68320,72405,75489,76811,78156,78961,77888,71717,73946,71854,72256,64285,66533,68631,60284
,Greenland,,,,,,,,,,,,,,,,,,,,,,
,Consumption,,,,,,,,,,,,,,,,,,,,,,
,Total Primary Coal,1000 ST,,,,,,,,,,,,,,,,,,,,,
,Grenada,,,,,,,,,,,,,,,,,,,,,,
,Consumption,,,,,,,,,,,,,,,,,,,,,,
,Total Primary Coal,1000 ST,,,,,,,,,,,,,,,,,,,,,
,Guadeloupe,,,,,,,,,,,,,,,,,,,,,,
,Consumption,,,,,,,,,,,,,,,,,,,,,,
,Total Primary Coal,1000 ST,,,,,,,,,,,,,,,,,,,,,
,Guam,,,,,,,,,,,,,,,,,,,,,,
,Consumption,,,,,,,,,,,,,,,,,,,,,,
,Total Primary Coal,1000 ST,,,,,,,,,,,,,,,,,,,,,
,Guatemala,,,,,,,,,,,,,,,,,,,,,,
,Consumption,,,,,,,,,,,,,,,,,,,,,,
,Total Primary Coal,1000 ST,,,,,,,17,237,220,430,403,471,451,472,492,499,324,543,545,550,631
,Guinea,,,,,,,,,,,,,,,,,,,,,,
,Consumption,,,,,,,,,,,,,,,,,,,,,,
,Total Primary Coal,1000 ST,,,,,,,,,,,,,,,,,,,,,
,Guinea-Bissau,,,,,,,,,,,,,,,,,,,,,,
,Consumption,,,,,,,,,,,,,,,,,,,,,,
,Total Primary Coal,1000 ST,,,,,,,,,,,,,,,,,,,,,
,Guyana,,,,,,,,,,,,,,,,,,,,,,
,Consumption,,,,,,,,,,,,,,,,,,,,,,
,Total Primary Coal,1000 ST,,,,,,,,,,,,,,,,,,,,,
,Haiti,,,,,,,,,,,,,,,,,,,,,,
,Consumption,,,,,,,,,,,,,,,,,,,,,,
,Total Primary Coal,1000 ST,,,,,,,,,,,,,,,,,,,,,
,Hawaiian Trade Zone,,,,,,,,,,,,,,,,,,,,,,
,Consumption,,,,,,,,,,,,,,,,,,,,,,
,Total Primary Coal,1000 ST,--,--,--,--,--,--,--,--,--,--,--,--,--,--,--,--,--,--,--,--,--
,Honduras,,,,,,,,,,,,,,,,,,,,,,
,Consumption,,,,,,,,,,,,,,,,,,,,,,
,Total Primary Coal,1000 ST,,,,,,,62,149,136,155,186,195,266,65,71,117,114,118,179,180,33
,Hong Kong,,,,,,,,,,,,,,,,,,,,,,
,Consumption,,,,,,,,,,,,,,,,,,,,,,
,Total Primary Coal,1000 ST,12398,8066,9362,6038,5881,7695,7381,5773,8855,9610,11768,11785,11931,12570,13515,12506,13593,11380,13811,13615,14299
,Hungary,,,,,,,,,,,,,,,,,,,,,,
,Consumption,,,,,,,,,,,,,,,,,,,,,,
,Total Primary Coal,1000 ST,19863,18500,18663,19223,19057,18303,18407,16725,16806,15492,16190,14850,12774,13263,13286,13048,11768,12113,12802,12573,12404
,Iceland,,,,,,,,,,,,,,,,,,,,,,
,Consumption,,,,,,,,,,,,,,,,,,,,,,
,Total Primary Coal,1000 ST,58,78,72,73,64,77,66,111,108,108,94,115,129,119,133,120,108,117,116,116,132
,India,,,,,,,,,,,,,,,,,,,,,,
,Consumption,,,,,,,,,,,,,,,,,,,,,,
,Total Primary Coal,1000 ST,290412,306330,325108,341652,354340,357876,379358,393630,406167,422683,435676,484180,511045,543706,592559,639538,716763,746261,782858,853860,886052
,Indonesia,,,,,,,,,,,,,,,,,,,,,,
,Consumption,,,,,,,,,,,,,,,,,,,,,,
,Total Primary Coal,1000 ST,14592,11225,12695,21304,11708,9388,11757,22778,28822,31995,21157,45416,47083,56081,51275,47796,68301,70823,50011,58631,61765
,Iran,,,,,,,,,,,,,,,,,,,,,,
,Consumption,,,,,,,,,,,,,,,,,,,,,,
,Total Primary Coal,1000 ST,1813,1824,1704,1788,1830,2131,2013,2000,1771,1872,1951,1542,2372,2518,2176,2400,816,821,682,851,1019
,Iraq,,,,,,,,,,,,,,,,,,,,,,
,Consumption,,,,,,,,,,,,,,,,,,,,,,
,Total Primary Coal,1000 ST,,,,,,,,,,,,,,,,,,,,,
,Ireland,,,,,,,,,,,,,,,,,,,,,,
,Consumption,,,,,,,,,,,,,,,,,,,,,,
,Total Primary Coal,1000 ST,3059,2946,2954,3279,3125,3276,2787,3320,3360,3009,3114,3198,3331,2933,2858,2543,2080,2269,2350,2709,2368
,Israel,,,,,,,,,,,,,,,,,,,,,,
,Consumption,,,,,,,,,,,,,,,,,,,,,,
,Total Primary Coal,1000 ST,6227,6604,7228,8644,9524,10248,9938,12052,12589,14029,13953,14366,12736,14679,14587,14559,12548,13583,14193,15968,12922
,Italy,,,,,,,,,,,,,,,,,,,,,,
,Consumption,,,,,,,,,,,,,,,,,,,,,,
,Total Primary Coal,1000 ST,17261,18378,19447,18075,17666,19031,18850,19889,21442,22065,23319,26774,26729,27344,27692,27463,21990,23988,26946,27762,23232
,Jamaica,,,,,,,,,,,,,,,,,,,,,,
,Consumption,,,,,,,,,,,,,,,,,,,,,,
,Total Primary Coal,1000 ST,61,58,61,71,74,78,79,58,58,97,94,103,63,26,40,53,69,60,72,78,105
,Japan,,,,,,,,,,,,,,,,,,,,,,
,Consumption,,,,,,,,,,,,,,,,,,,,,,
,Total Primary Coal,1000 ST,131464,140740,146627,149815,153991,144956,156368,172860,177964,179711,186186,216259,193332,199409,210180,216800,181356,217011,198637,209554,222304
,Jordan,,,,,,,,,,,,,,,,,,,,,,
,Consumption,,,,,,,,,,,,,,,,,,,,,,
,Total Primary Coal,1000 ST,,,,,,,,,,,,,,,,,,,,,353
,Kazakhstan,,,,,,,,,,,,,,,,,,,,,,
,Consumption,,,,,,,,,,,,,,,,,,,,,,
,Total Primary Coal,1000 ST,88771,86836,71457,63943,53573,53664,50248,45851,51899,51900,54570,68504,70291,75657,80190,79463,75284,81149,91272,88944,87485
,Kenya,,,,,,,,,,,,,,,,,,,,,,
,Consumption,,,,,,,,,,,,,,,,,,,,,,
,Total Primary Coal,1000 ST,144,134,172,159,162,131,128,118,118,176,165,193,160,214,196,195,170,295,422,378,374
,Kiribati,,,,,,,,,,,,,,,,,,,,,,
,Consumption,,,,,,,,,,,,,,,,,,,,,,
,Total Primary Coal,1000 ST,,,,,,,,,,,,,,,,,,,,,
,"Korea, North",,,,,,,,,,,,,,,,,,,,,,
,Consumption,,,,,,,,,,,,,,,,,,,,,,
,Total Primary Coal,1000 ST,31974,29342,26830,22896,22472,20254,22977,24405,25403,23778,24127,23670,24577,27271,22731,25488,24334,22895,15929,15506,21666
,"Korea, South",,,,,,,,,,,,,,,,,,,,,,
,Consumption,,,,,,,,,,,,,,,,,,,,,,
,Total Primary Coal,1000 ST,47942,47963,49451,50253,57696,58141,63701,79095,85778,85287,83901,87823,90291,92280,100873,112910,117198,132964,146150,138424,142464
,Kosovo,,,,,,,,,,,,,,,,,,,,,,
,Consumption,,,,,,,,,,,,,,,,,,,,,,
,Total Primary Coal,1000 ST,--,--,--,--,--,--,--,--,--,--,--,--,--,--,--,8197,9359,9816,9491,8896,9072
,Kuwait,,,,,,,,,,,,,,,,,,,,,,
,Consumption,,,,,,,,,,,,,,,,,,,,,,
,Total Primary Coal,1000 ST,,,,,,,,,,,,,,,,,,,,,290
,Kyrgyzstan,,,,,,,,,,,,,,,,,,,,,,
,Consumption,,,,,,,,,,,,,,,,,,,,,,
,Total Primary Coal,1000 ST,2445,2237,873,1281,1353,1344,1342,1247,893,1365,1606,1516,1441,1327,1564,2167,1908,1861,2016,2832,2562
,Laos,,,,,,,,,,,,,,,,,,,,,,
,Consumption,,,,,,,,,,,,,,,,,,,,,,
,Total Primary Coal,1000 ST,1.1,1.1,26,56,105,175,239,262,192,298,306,434,438,468,504,516,551,591,607,629,380
,Latvia,,,,,,,,,,,,,,,,,,,,,,
,Consumption,,,,,,,,,,,,,,,,,,,,,,
,Total Primary Coal,1000 ST,660,468,278,263,216,161,139,107,140,112,111,108,132,143,179,179,143,184,190,153,133
,Lebanon,,,,,,,,,,,,,,,,,,,,,,
,Consumption,,,,,,,,,,,,,,,,,,,,,,
,Total Primary Coal,1000 ST,122,123,198,220,220,220,220,220,220,220,220,220,220,220,220,220,220,248,276,276,220
,Lesotho,,,,,,,,,,,,,,,,,,,,,,
,Consumption,,,,,,,,,,,,,,,,,,,,,,
,Total Primary Coal,1000 ST,,,,,,,,,,,,,,,,,,,,,
,Liberia,,,,,,,,,,,,,,,,,,,,,,
,Consumption,,,,,,,,,,,,,,,,,,,,,,
,Total Primary Coal,1000 ST,,,,,,,,,,,,,,,,,,,,,
,Libya,,,,,,,,,,,,,,,,,,,,,,
,Consumption,,,,,,,,,,,,,,,,,,,,,,
,Total Primary Coal,1000 ST,,,,,,,,,,,,,,,,,,,,,
,Lithuania,,,,,,,,,,,,,,,,,,,,,,
,Consumption,,,,,,,,,,,,,,,,,,,,,,
,Total Primary Coal,1000 ST,649,531,410,373,289,245,196,144,129,233,299,291,316,440,418,357,267,331,367,345,394
,Luxembourg,,,,,,,,,,,,,,,,,,,,,,
,Consumption,,,,,,,,,,,,,,,,,,,,,,
,Total Primary Coal,1000 ST,305,346,239,267,214,168,169,190,211,126,95,139,134,162,133,127,115,112,98,90,83
,Macau,,,,,,,,,,,,,,,,,,,,,,
,Consumption,,,,,,,,,,,,,,,,,,,,,,
,Total Primary Coal,1000 ST,2.2,2.2,2.2,2.2,1.1,1.1,1,1.2,1.1,1.1,1.5,1.7,1.3,1.3,1.5,,,,,,
,Macedonia,,,,,,,,,,,,,,,,,,,,,,
,Consumption,,,,,,,,,,,,,,,,,,,,,,
,Total Primary Coal,1000 ST,7618,7975,8196,8082,8315,9371,8499,8661,9353,8092,8356,8340,8256,7599,7762,8588,8247,7678,8891,8428,7706
,Madagascar,,,,,,,,,,,,,,,,,,,,,,
,Consumption,,,,,,,,,,,,,,,,,,,,,,
,Total Primary Coal,1000 ST,15,13,11,11,13,13,8.8,11,11,11,11,11,19,17,11,15,16,17,17,17,531
,Malawi,,,,,,,,,,,,,,,,,,,,,,
,Consumption,,,,,,,,,,,,,,,,,,,,,,
,Total Primary Coal,1000 ST,17,19,19,19,19,14,61,69,52,75,71,67,65,65,67,57,53,60,60,60,60
,Malaysia,,,,,,,,,,,,,,,,,,,,,,
,Consumption,,,,,,,,,,,,,,,,,,,,,,
,Total Primary Coal,1000 ST,2331,2804,2722,4248,2653,2776,1412,3725,4927,8092,4377,6795,12049,12269,15861,16101,18600,25222,28662,27468,28160
,Maldives,,,,,,,,,,,,,,,,,,,,,,
,Consumption,,,,,,,,,,,,,,,,,,,,,,
,Total Primary Coal,1000 ST,,,,,,,,,,,,,,,,,,,,,
,Mali,,,,,,,,,,,,,,,,,,,,,,
,Consumption,,,,,,,,,,,,,,,,,,,,,,
,Total Primary Coal,1000 ST,,,,,,,,,,,,,,,,,,,,,
,Malta,,,,,,,,,,,,,,,,,,,,,,
,Consumption,,,,,,,,,,,,,,,,,,,,,,
,Total Primary Coal,1000 ST,331,225,57,,,,,,,,,,,,,,,,,,
,Martinique,,,,,,,,,,,,,,,,,,,,,,
,Consumption,,,,,,,,,,,,,,,,,,,,,,
,Total Primary Coal,1000 ST,,,,,,,,,,,,,,,,,,,,,
,Mauritania,,,,,,,,,,,,,,,,,,,,,,
,Consumption,,,,,,,,,,,,,,,,,,,,,,
,Total Primary Coal,1000 ST,6.6,6.6,4.4,3.3,2.2,1.1,,,,,,,,,,,,,,,
,Mauritius,,,,,,,,,,,,,,,,,,,,,,
,Consumption,,,,,,,,,,,,,,,,,,,,,,
,Total Primary Coal,1000 ST,68,69,69,44,51,78,150,279,330,345,348,319,401,535,632,719,657,736,707,744,783
,Mexico,,,,,,,,,,,,,,,,,,,,,,
,Consumption,,,,,,,,,,,,,,,,,,,,,,
,Total Primary Coal,1000 ST,8633,10129,11293,12937,12717,13265,13436,13552,15455,16313,18321,15528,19355,19249,19279,15432,18042,19502,20658,18620,27419
,Micronesia,,,,,,,,,,,,,,,,,,,,,,
,Consumption,,,,,,,,,,,,,,,,,,,,,,
,Total Primary Coal,1000 ST,,,,,,,,,,,,,,,,,,,,,NA
,Moldova,,,,,,,,,,,,,,,,,,,,,,
,Consumption,,,,,,,,,,,,,,,,,,,,,,
,Total Primary Coal,1000 ST,2452,2387,1450,1239,665,601,176,132,103,69,99,205,203,209,143,218,197,205,218,211,286
,Mongolia,,,,,,,,,,,,,,,,,,,,,,
,Consumption,,,,,,,,,,,,,,,,,,,,,,
,Total Primary Coal,1000 ST,6243,5696,5736,5665,5550,5496,5530,5745,5720,6100,5776,5825,6032,6526,6649,6519,7128,7682,7573,8209,8645
,Montenegro,,,,,,,,,,,,,,,,,,,,,,
,Consumption,,,,,,,,,,,,,,,,,,,,,,
,Total Primary Coal,1000 ST,--,--,--,--,--,--,--,--,--,--,--,--,--,1585,1283,1904,1033,2060,2126,1909,1843
,Montserrat,,,,,,,,,,,,,,,,,,,,,,
,Consumption,,,,,,,,,,,,,,,,,,,,,,
,Total Primary Coal,1000 ST,,,,,,,,,,,,,,,,,,,,,
,Morocco,,,,,,,,,,,,,,,,,,,,,,
,Consumption,,,,,,,,,,,,,,,,,,,,,,
,Total Primary Coal,1000 ST,1898,2072,2938,3452,3434,3792,3670,4429,5623,5763,5390,5132,5443,5430,5532,4919,4521,4664,4973,5051,4697
,Mozambique,,,,,,,,,,,,,,,,,,,,,,
,Consumption,,,,,,,,,,,,,,,,,,,,,,
,Total Primary Coal,1000 ST,66,66,62,,,,,,,,,,,,9.9,11,11,8,57,18,
,Namibia,,,,,,,,,,,,,,,,,,,,,,
,Consumption,,,,,,,,,,,,,,,,,,,,,,
,Total Primary Coal,1000 ST,99,110,18,15,12,19,6.6,3.3,4.4,,8.8,1.1,22,71,85,117,54,39,14,11,33
,Nauru,,,,,,,,,,,,,,,,,,,,,,
,Consumption,,,,,,,,,,,,,,,,,,,,,,
,Total Primary Coal,1000 ST,,,,,,,,,,,,,,,,,,,,,
,Nepal,,,,,,,,,,,,,,,,,,,,,,
,Consumption,,,,,,,,,,,,,,,,,,,,,,
,Total Primary Coal,1000 ST,62,123,136,111,115,115,442,474,542,251,319,283,459,301,362,342,355,557,661,789,819
,Netherlands,,,,,,,,,,,,,,,,,,,,,,
,Consumption,,,,,,,,,,,,,,,,,,,,,,
,Total Primary Coal,1000 ST,14605,15945,15778,15608,15645,16034,13356,14094,15005,14845,15107,14988,14395,13981,14884,14010,13116,13121,12910,14143,14341
,Netherlands Antilles,,,,,,,,,,,,,,,,,,,,,,
,Consumption,,,,,,,,,,,,,,,,,,,,,,
,Total Primary Coal,1000 ST,,,,,,,,,,,,,,,,,,,,,
,New Caledonia,,,,,,,,,,,,,,,,,,,,,,
,Consumption,,,,,,,,,,,,,,,,,,,,,,
,Total Primary Coal,1000 ST,187,182,182,185,125,132,122,280,285,304,345,310,287,312,269,294,279,331,331,331,628
,New Zealand,,,,,,,,,,,,,,,,,,,,,,
,Consumption,,,,,,,,,,,,,,,,,,,,,,
,Total Primary Coal,1000 ST,3093,2820,2278,1511,2368,2368,2754,2332,3182,1898,3924,4610,4748,3898,3788,4238,3181,2945,3465,3139,3625
,Nicaragua,,,,,,,,,,,,,,,,,,,,,,
,Consumption,,,,,,,,,,,,,,,,,,,,,,
,Total Primary Coal,1000 ST,,,,,,,,,,,,,,,,,,,,,(s)
,Niger,,,,,,,,,,,,,,,,,,,,,,
,Consumption,,,,,,,,,,,,,,,,,,,,,,
,Total Primary Coal,1000 ST,190,190,191,191,192,192,193,174,180,202,208,256,207,187,201,198,209,262,262,262,263
,Nigeria,,,,,,,,,,,,,,,,,,,,,,
,Consumption,,,,,,,,,,,,,,,,,,,,,,
,Total Primary Coal,1000 ST,8.8,28,22,8.8,11,13,18,3.3,3.3,47,25,8.8,8.8,8.8,25,35,37,42,35,53,53
,Niue,,,,,,,,,,,,,,,,,,,,,,
,Consumption,,,,,,,,,,,,,,,,,,,,,,
,Total Primary Coal,1000 ST,,,,,,,,,,,,,,,,,,,,,
,Northern Mariana Islands,,,,,,,,,,,,,,,,,,,,,,
,Consumption,,,,,,,,,,,,,,,,,,,,,,
,Total Primary Coal,1000 ST,,,,,,,,,,,,,,,,,,,,,
,Norway,,,,,,,,,,,,,,,,,,,,,,
,Consumption,,,,,,,,,,,,,,,,,,,,,,
,Total Primary Coal,1000 ST,976,1042,1168,1003,1156,1108,1209,1112,1051,941,957,1084,960,724,923,1053,608,807,929,951,728
,Oman,,,,,,,,,,,,,,,,,,,,,,
,Consumption,,,,,,,,,,,,,,,,,,,,,,
,Total Primary Coal,1000 ST,,,,,,,,,,,,,,,,,,,,,
,Pakistan,,,,,,,,,,,,,,,,,,,,,,
,Consumption,,,,,,,,,,,,,,,,,,,,,,
,Total Primary Coal,1000 ST,5101,4562,5204,4842,4540,4818,4545,4457,4861,5390,6683,8702,8503,8702,11145,9249,8973,8509,8455,7594,7929
,Palestinian Territories,,,,,,,,,,,,,,,,,,,,,,
,Consumption,,,,,,,,,,,,,,,,,,,,,,
,Total Primary Coal,1000 ST,--,--,--,--,,,,,,,,,,,,,,,,,
,Panama,,,,,,,,,,,,,,,,,,,,,,
,Consumption,,,,,,,,,,,,,,,,,,,,,,
,Total Primary Coal,1000 ST,58,60,56,119,63,65,66,66,69,50,,,,,,,,,261,356,377
,Papua New Guinea,,,,,,,,,,,,,,,,,,,,,,
,Consumption,,,,,,,,,,,,,,,,,,,,,,
,Total Primary Coal,1000 ST,1.1,1.1,1.1,1.1,1.1,1.1,,,,,,,,,,,,,,,
,Paraguay,,,,,,,,,,,,,,,,,,,,,,
,Consumption,,,,,,,,,,,,,,,,,,,,,,
,Total Primary Coal,1000 ST,,,,,,,,,,,,,,,,,,,,,
,Peru,,,,,,,,,,,,,,,,,,,,,,
,Consumption,,,,,,,,,,,,,,,,,,,,,,
,Total Primary Coal,1000 ST,491,397,433,397,392,493,478,755,661,1016,1011,1164,1177,929,1293,1179,1248,1268,736,1185,1538
,Philippines,,,,,,,,,,,,,,,,,,,,,,
,Consumption,,,,,,,,,,,,,,,,,,,,,,
,Total Primary Coal,1000 ST,3138,3193,3435,4626,5720,6199,7072,9658,9021,8827,8987,10656,11063,11091,11260,13487,13297,14674,15690,17817,20652
,Poland,,,,,,,,,,,,,,,,,,,,,,
,Consumption,,,,,,,,,,,,,,,,,,,,,,
,Total Primary Coal,1000 ST,196006,185783,187815,192029,186513,173081,165957,155800,157418,156542,163663,161967,158059,164648,158275,159529,148703,158527,165758,155159,160817
,Portugal,,,,,,,,,,,,,,,,,,,,,,
,Consumption,,,,,,,,,,,,,,,,,,,,,,
,Total Primary Coal,1000 ST,5459,5760,6292,6031,6139,5621,6753,6790,5671,6248,5919,6186,6061,6038,5250,4598,5165,2997,4052,5381,4915
,Puerto Rico,,,,,,,,,,,,,,,,,,,,,,
,Consumption,,,,,,,,,,,,,,,,,,,,,,
,Total Primary Coal,1000 ST,,,,,,,,,,,,,,,,,,,,,
,Qatar,,,,,,,,,,,,,,,,,,,,,,
,Consumption,,,,,,,,,,,,,,,,,,,,,,
,Total Primary Coal,1000 ST,,,,,,,,,,,,,,,,,,,,,
,Reunion,,,,,,,,,,,,,,,,,,,,,,
,Consumption,,,,,,,,,,,,,,,,,,,,,,
,Total Primary Coal,1000 ST,,,,,,,,,,,,,,,,,,,,,
,Romania,,,,,,,,,,,,,,,,,,,,,,
,Consumption,,,,,,,,,,,,,,,,,,,,,,
,Total Primary Coal,1000 ST,47028,50584,50922,50283,42543,34602,30578,35536,37720,37829,40715,39746,39872,44272,43628,43503,38149,34622,41437,38761,28540
,Rwanda,,,,,,,,,,,,,,,,,,,,,,
,Consumption,,,,,,,,,,,,,,,,,,,,,,
,Total Primary Coal,1000 ST,,,,,,,,,,,,,,,,,,,,,
,Saint Helena,,,,,,,,,,,,,,,,,,,,,,
,Consumption,,,,,,,,,,,,,,,,,,,,,,
,Total Primary Coal,1000 ST,,,,,,,,,,,,,,,,,,,,,
,Saint Kitts and Nevis,,,,,,,,,,,,,,,,,,,,,,
,Consumption,,,,,,,,,,,,,,,,,,,,,,
,Total Primary Coal,1000 ST,,,,,,,,,,,,,,,,,,,,,
,Saint Lucia,,,,,,,,,,,,,,,,,,,,,,
,Consumption,,,,,,,,,,,,,,,,,,,,,,
,Total Primary Coal,1000 ST,,,,,,,,,,,,,,,,,,,,,
,Saint Pierre and Miquelon,,,,,,,,,,,,,,,,,,,,,,
,Consumption,,,,,,,,,,,,,,,,,,,,,,
,Total Primary Coal,1000 ST,,,,,,,,,,,,,,,,,,,,,
,Saint Vincent/Grenadines,,,,,,,,,,,,,,,,,,,,,,
,Consumption,,,,,,,,,,,,,,,,,,,,,,
,Total Primary Coal,1000 ST,,,,,,,,,,,,,,,,,,,,,
,Samoa,,,,,,,,,,,,,,,,,,,,,,
,Consumption,,,,,,,,,,,,,,,,,,,,,,
,Total Primary Coal,1000 ST,,,,,,,,,,,,,,,,,,,,,
,Sao Tome and Principe,,,,,,,,,,,,,,,,,,,,,,
,Consumption,,,,,,,,,,,,,,,,,,,,,,
,Total Primary Coal,1000 ST,,,,,,,,,,,,,,,,,,,,,
,Saudi Arabia,,,,,,,,,,,,,,,,,,,,,,
,Consumption,,,,,,,,,,,,,,,,,,,,,,
,Total Primary Coal,1000 ST,,,,,,,,,,,,,,,,,,,,,
,Senegal,,,,,,,,,,,,,,,,,,,,,,
,Consumption,,,,,,,,,,,,,,,,,,,,,,
,Total Primary Coal,1000 ST,,,,,,,,,,,,140,168,184,237,237,280,316,443,385,397
,Serbia,,,,,,,,,,,,,,,,,,,,,,
,Consumption,,,,,,,,,,,,,,,,,,,,,,
,Total Primary Coal,1000 ST,--,--,--,--,--,--,--,--,--,--,--,--,--,42195,41284,42705,43084,41534,46595,42743,44558
,Seychelles,,,,,,,,,,,,,,,,,,,,,,
,Consumption,,,,,,,,,,,,,,,,,,,,,,
,Total Primary Coal,1000 ST,,,,,,,,,,,,,,,,,,,,,
,Sierra Leone,,,,,,,,,,,,,,,,,,,,,,
,Consumption,,,,,,,,,,,,,,,,,,,,,,
,Total Primary Coal,1000 ST,,,,,,,,,,,,,,,,,,,,,
,Singapore,,,,,,,,,,,,,,,,,,,,,,
,Consumption,,,,,,,,,,,,,,,,,,,,,,
,Total Primary Coal,1000 ST,1.1,1.1,,1.1,2.2,,,,,,,19,2.2,,,2.2,,,,,459
,Slovakia,,,,,,,,,,,,,,,,,,,,,,
,Consumption,,,,,,,,,,,,,,,,,,,,,,
,Total Primary Coal,1000 ST,15732,13551,13835,13447,12204,11379,10738,9776,10180,9669,9976,9634,9138,9167,8770,8846,8370,7952,7947,7565,7327
,Slovenia,,,,,,,,,,,,,,,,,,,,,,
,Consumption,,,,,,,,,,,,,,,,,,,,,,
,Total Primary Coal,1000 ST,6070,5763,5775,5469,5934,5712,5417,5429,5731,6170,5891,5924,5723,5766,5803,5729,5448,5417,5538,5456,4905
,Solomon Islands,,,,,,,,,,,,,,,,,,,,,,
,Consumption,,,,,,,,,,,,,,,,,,,,,,
,Total Primary Coal,1000 ST,,,,,,,,,,,,,,,,,,,,,
,Somalia,,,,,,,,,,,,,,,,,,,,,,
,Consumption,,,,,,,,,,,,,,,,,,,,,,
,Total Primary Coal,1000 ST,,,,,,,,,,,,,,,,,,,,,
,South Africa,,,,,,,,,,,,,,,,,,,,,,
,Consumption,,,,,,,,,,,,,,,,,,,,,,
,Total Primary Coal,1000 ST,153582,161375,165417,163841,167029,156658,177473,173057,175396,157074,179228,196955,191182,195163,201469,217246,203571,205433,195886,204664,190085
,Spain,,,,,,,,,,,,,,,,,,,,,,
,Consumption,,,,,,,,,,,,,,,,,,,,,,
,Total Primary Coal,1000 ST,49047,47270,46718,39937,45377,44337,48059,49632,45884,50734,47170,50748,49031,43197,47360,29130,22571,15891,25773,32139,22164
,Sri Lanka,,,,,,,,,,,,,,,,,,,,,,
,Consumption,,,,,,,,,,,,,,,,,,,,,,
,Total Primary Coal,1000 ST,1.1,1.1,5.5,1.1,1.1,1.1,1.1,,,19,105,28,103,78,75,79,103,105,565,796,838
,Sudan and South Sudan,,,,,,,,,,,,,,,,,,,,,,
,Consumption,,,,,,,,,,,,,,,,,,,,,,
,Total Primary Coal,1000 ST,,,,,,,,,,,,,,,,,,,,,
,Suriname,,,,,,,,,,,,,,,,,,,,,,
,Consumption,,,,,,,,,,,,,,,,,,,,,,
,Total Primary Coal,1000 ST,,,,,,,,,,,,,,,,,,,,,
,Swaziland,,,,,,,,,,,,,,,,,,,,,,
,Consumption,,,,,,,,,,,,,,,,,,,,,,
,Total Primary Coal,1000 ST,55,201,189,143,234,234,243,222,226,203,181,175,117,170,177,182,142,139,139,139,162
,Sweden,,,,,,,,,,,,,,,,,,,,,,
,Consumption,,,,,,,,,,,,,,,,,,,,,,
,Total Primary Coal,1000 ST,3630,4199,3952,3898,3406,3095,2966,2955,3563,3084,2797,3577,3179,2983,3289,2492,2626,2854,3487,3232,3219
,Switzerland,,,,,,,,,,,,,,,,,,,,,,
,Consumption,,,,,,,,,,,,,,,,,,,,,,
,Total Primary Coal,1000 ST,250,259,279,206,154,126,129,197,217,190,204,200,239,243,294,261,244,251,235,207,234
,Syria,,,,,,,,,,,,,,,,,,,,,,
,Consumption,,,,,,,,,,,,,,,,,,,,,,
,Total Primary Coal,1000 ST,,,,,,,,,,,,,,,,,,,,,4.5
,Taiwan,,,,,,,,,,,,,,,,,,,,,,
,Consumption,,,,,,,,,,,,,,,,,,,,,,
,Total Primary Coal,1000 ST,27161,28161,29314,33425,37884,42261,44345,52924,55229,60292,63215,64607,65425,68181,71413,68793,65748,70593,75190,73125,74740
,Tajikistan,,,,,,,,,,,,,,,,,,,,,,
,Consumption,,,,,,,,,,,,,,,,,,,,,,
,Total Primary Coal,1000 ST,360,89,45,22,40,34,25,32,32,45,58,108,114,120,206,226,226,228,252,478,649
,Tanzania,,,,,,,,,,,,,,,,,,,,,,
,Consumption,,,,,,,,,,,,,,,,,,,,,,
,Total Primary Coal,1000 ST,49,39,54,85,39,50,83,87,86,87,61,72,34,20,30,17,,,3.3,87,94
,Thailand,,,,,,,,,,,,,,,,,,,,,,
,Consumption,,,,,,,,,,,,,,,,,,,,,,
,Total Primary Coal,1000 ST,18452,20389,22929,27365,28451,24404,23747,23446,26875,27629,27336,30887,32550,33022,35227,37895,36726,39043,43789,41364,41484
,Timor-Leste (East Timor),,,,,,,,,,,,,,,,,,,,,,
,Consumption,,,,,,,,,,,,,,,,,,,,,,
,Total Primary Coal,1000 ST,--,--,--,--,--,--,--,--,--,--,,,,,,,,,,,
,Togo,,,,,,,,,,,,,,,,,,,,,,
,Consumption,,,,,,,,,,,,,,,,,,,,,,
,Total Primary Coal,1000 ST,,,,,,,,,,,,,,,,,,,,,
,Tonga,,,,,,,,,,,,,,,,,,,,,,
,Consumption,,,,,,,,,,,,,,,,,,,,,,
,Total Primary Coal,1000 ST,,,,,,,,,,,,,,,,,,,,,
,Trinidad and Tobago,,,,,,,,,,,,,,,,,,,,,,
,Consumption,,,,,,,,,,,,,,,,,,,,,,
,Total Primary Coal,1000 ST,,,,,,,,,,,,,,,,,,,,,32
,Tunisia,,,,,,,,,,,,,,,,,,,,,,
,Consumption,,,,,,,,,,,,,,,,,,,,,,
,Total Primary Coal,1000 ST,131,121,109,119,119,96,137,129,118,100,29,,,,,,,,,,
,Turkey,,,,,,,,,,,,,,,,,,,,,,
,Consumption,,,,,,,,,,,,,,,,,,,,,,
,Total Primary Coal,1000 ST,60333,65444,67262,72628,79410,85620,83158,88110,79606,72615,70461,71042,84587,92135,108221,108708,108795,105390,111521,111101,92855
,Turkmenistan,,,,,,,,,,,,,,,,,,,,,,
,Consumption,,,,,,,,,,,,,,,,,,,,,,
,Total Primary Coal,1000 ST,149,,,110,,,,,,,,,,,,,,,,,
,Turks and Caicos Islands,,,,,,,,,,,,,,,,,,,,,,
,Consumption,,,,,,,,,,,,,,,,,,,,,,
,Total Primary Coal,1000 ST,,,,,,,,,,,,,,,,,,,,,
,Tuvalu,,,,,,,,,,,,,,,,,,,,,,
,Consumption,,,,,,,,,,,,,,,,,,,,,,
,Total Primary Coal,1000 ST,,,,,,,,,,,,,,,,,,,,,NA
,U.S. Pacific Islands,,,,,,,,,,,,,,,,,,,,,,
,Consumption,,,,,,,,,,,,,,,,,,,,,,
,Total Primary Coal,1000 ST,,,,,,,,,,,,,,,,,,,,,
,U.S. Territories,,,,,,,,,,,,,,,,,,,,,,
,Consumption,,,,,,,,,,,,,,,,,,,,,,
,Total Primary Coal,1000 ST,430,449,457,463,468,473,457,460,171,485,1521,1433,1466,1653,1653,1653,1653,1653,1653,1653,1381
,Uganda,,,,,,,,,,,,,,,,,,,,,,
,Consumption,,,,,,,,,,,,,,,,,,,,,,
,Total Primary Coal,1000 ST,,,,,,,,,,,,,,,,,,,,,
,Ukraine,,,,,,,,,,,,,,,,,,,,,,
,Consumption,,,,,,,,,,,,,,,,,,,,,,
,Total Primary Coal,1000 ST,125286,99093,99095,73664,71707,72816,72375,73502,71135,70568,78942,70114,70767,75310,70962,77560,67656,72857,80390,81115,78619
,United Arab Emirates,,,,,,,,,,,,,,,,,,,,,,
,Consumption,,,,,,,,,,,,,,,,,,,,,,
,Total Primary Coal,1000 ST,,,,,,,,,33,169,198,225,260,504,243,614,985,1281,2237,3031,2958
,United Kingdom,,,,,,,,,,,,,,,,,,,,,,
,Consumption,,,,,,,,,,,,,,,,,,,,,,
,Total Primary Coal,1000 ST,95833,92735,82552,77455,70294,68995,60810,65858,69675,64427,69119,66893,68018,73950,69200,63996,53737,56703,56670,71044,66585
,Uruguay,,,,,,,,,,,,,,,,,,,,,,
,Consumption,,,,,,,,,,,,,,,,,,,,,,
,Total Primary Coal,1000 ST,,,,1.1,1.1,1.1,1.1,1.1,1.1,1.1,1.1,1.1,1.1,2.2,2.2,2.2,3.3,4.4,2.2,3.3,0.3
,Uzbekistan,,,,,,,,,,,,,,,,,,,,,,
,Consumption,,,,,,,,,,,,,,,,,,,,,,
,Total Primary Coal,1000 ST,5724,5774,3338,3745,3078,3219,3194,3905,4026,4020,3090,3633,3511,3762,3977,3878,4208,4093,4305,4348,4418
,Vanuatu,,,,,,,,,,,,,,,,,,,,,,
,Consumption,,,,,,,,,,,,,,,,,,,,,,
,Total Primary Coal,1000 ST,,,,,,,,,,,,,,,,,,,,,
,Venezuela,,,,,,,,,,,,,,,,,,,,,,
,Consumption,,,,,,,,,,,,,,,,,,,,,,
,Total Primary Coal,1000 ST,52,102,9.4,30,63,1780,67,243,90,34,79,,68,80,204,259,436,366,377,404,317
,Vietnam,,,,,,,,,,,,,,,,,,,,,,
,Consumption,,,,,,,,,,,,,,,,,,,,,,
,Total Primary Coal,1000 ST,4080,4510,6522,7045,8944,9009,8321,8607,9890,10859,11464,14456,16327,17637,18929,23263,24688,28820,30674,32566,30811
,"Virgin Islands,  U.S.",,,,,,,,,,,,,,,,,,,,,,
,Consumption,,,,,,,,,,,,,,,,,,,,,,
,Total Primary Coal,1000 ST,,,,,,,,,,,,,,,,,,,,,
,"Virgin Islands, British",,,,,,,,,,,,,,,,,,,,,,
,Consumption,,,,,,,,,,,,,,,,,,,,,,
,Total Primary Coal,1000 ST,,,,,,,,,,,,,,,,,,,,,
,Wake Island,,,,,,,,,,,,,,,,,,,,,,
,Consumption,,,,,,,,,,,,,,,,,,,,,,
,Total Primary Coal,1000 ST,,,,,,,,,,,,,,,,,,,,,
,Western Sahara,,,,,,,,,,,,,,,,,,,,,,
,Consumption,,,,,,,,,,,,,,,,,,,,,,
,Total Primary Coal,1000 ST,,,,,,,,,,,,,,,,,,,,,
,Yemen,,,,,,,,,,,,,,,,,,,,,,
,Consumption,,,,,,,,,,,,,,,,,,,,,,
,Total Primary Coal,1000 ST,,,,,,,,,,,,,,,,,,,,,127
,Zambia,,,,,,,,,,,,,,,,,,,,,,
,Consumption,,,,,,,,,,,,,,,,,,,,,,
,Total Primary Coal,1000 ST,390,191,163,207,239,227,138,144,148,152,160,120,153,63,15,,,1.1,1.1,99,99
,Zimbabwe,,,,,,,,,,,,,,,,,,,,,,
,Consumption,,,,,,,,,,,,,,,,,,,,,,
,Total Primary Coal,1000 ST,5880,5215,4954,4705,4300,4407,5198,5001,4969,4582,3864,3520,4122,4113,3818,2960,3012,3286,3589,3758,3786
,,,,,,,,,,,,,,,,,,,,,,,
,,,,,,,,,,,,,,,,,,,,,,,
,,,2381341,2338639,2341193,2349432,2340395,2313125,2309950,2422551,2476472,2478076,2557689,2704882,2709962,2814680,2904983,2965216,2918689,3043583,3124525,3220737,3195834