International_data,,,,,,,,,,,,,,,,,,,,,,,,
http://www.eia.gov/beta/international/data/browser/#?ord=CR&cy=2014&v=H&vo=0&so=0&io=0&start=1993&end=2014&vs=INTL.5-2-AFG-TBPD.A~INTL.5-2-ALB-TBPD.A~INTL.5-2-DZA-TBPD.A~INTL.5-2-ASM-TBPD.A~INTL.5-2-AGO-TBPD.A~INTL.5-2-ATA-TBPD.A~INTL.5-2-ATG-TBPD.A~INTL.5-2-ARG-TBPD.A~INTL.5-2-ARM-TBPD.A~INTL.5-2-ABW-TBPD.A~INTL.5-2-AUS-TBPD.A~INTL.5-2-AUT-TBPD.A~INTL.5-2-AZE-TBPD.A~INTL.5-2-BHS-TBPD.A~INTL.5-2-BHR-TBPD.A~INTL.5-2-BGD-TBPD.A~INTL.5-2-BRB-TBPD.A~INTL.5-2-BLR-TBPD.A~INTL.5-2-BEL-TBPD.A~INTL.5-2-BLZ-TBPD.A~INTL.5-2-BEN-TBPD.A~INTL.5-2-BMU-TBPD.A~INTL.5-2-BTN-TBPD.A~INTL.5-2-BOL-TBPD.A~INTL.5-2-BIH-TBPD.A~INTL.5-2-BWA-TBPD.A~INTL.5-2-BRA-TBPD.A~INTL.5-2-BRN-TBPD.A~INTL.5-2-BGR-TBPD.A~INTL.5-2-BFA-TBPD.A~INTL.5-2-MMR-TBPD.A~INTL.5-2-BDI-TBPD.A~INTL.5-2-KHM-TBPD.A~INTL.5-2-CMR-TBPD.A~INTL.5-2-CAN-TBPD.A~INTL.5-2-CPV-TBPD.A~INTL.5-2-CYM-TBPD.A~INTL.5-2-CAF-TBPD.A~INTL.5-2-TCD-TBPD.A~INTL.5-2-CHL-TBPD.A~INTL.5-2-CHN-TBPD.A~INTL.5-2-COL-TBPD.A~INTL.5-2-COM-TBPD.A~INTL.5-2-COG-TBPD.A~INTL.5-2-COD-TBPD.A~INTL.5-2-COK-TBPD.A~INTL.5-2-CRI-TBPD.A~INTL.5-2-CIV-TBPD.A~INTL.5-2-HRV-TBPD.A~INTL.5-2-CUB-TBPD.A~INTL.5-2-CYP-TBPD.A~INTL.5-2-CZE-TBPD.A~INTL.5-2-DNK-TBPD.A~INTL.5-2-DJI-TBPD.A~INTL.5-2-DMA-TBPD.A~INTL.5-2-DOM-TBPD.A~INTL.5-2-ECU-TBPD.A~INTL.5-2-EGY-TBPD.A~INTL.5-2-SLV-TBPD.A~INTL.5-2-GNQ-TBPD.A~INTL.5-2-ERI-TBPD.A~INTL.5-2-EST-TBPD.A~INTL.5-2-ETH-TBPD.A~INTL.5-2-FLK-TBPD.A~INTL.5-2-FRO-TBPD.A~INTL.5-2-FJI-TBPD.A~INTL.5-2-FIN-TBPD.A~INTL.5-2-CSK-TBPD.A~INTL.5-2-SCG-TBPD.A~INTL.5-2-SUN-TBPD.A~INTL.5-2-YUG-TBPD.A~INTL.5-2-FRA-TBPD.A~INTL.5-2-GUF-TBPD.A~INTL.5-2-PYF-TBPD.A~INTL.5-2-GAB-TBPD.A~INTL.5-2-GMB-TBPD.A~INTL.5-2-GEO-TBPD.A~INTL.5-2-DEU-TBPD.A~INTL.5-2-DDR-TBPD.A~INTL.5-2-DEUW-TBPD.A~INTL.5-2-GHA-TBPD.A~INTL.5-2-GIB-TBPD.A~INTL.5-2-GRC-TBPD.A~INTL.5-2-GRL-TBPD.A~INTL.5-2-GRD-TBPD.A~INTL.5-2-GLP-TBPD.A~INTL.5-2-GUM-TBPD.A~INTL.5-2-GTM-TBPD.A~INTL.5-2-GIN-TBPD.A~INTL.5-2-GNB-TBPD.A~INTL.5-2-GUY-TBPD.A~INTL.5-2-HTI-TBPD.A~INTL.5-2-HITZ-TBPD.A~INTL.5-2-HND-TBPD.A~INTL.5-2-HKG-TBPD.A~INTL.5-2-HUN-TBPD.A~INTL.5-2-ISL-TBPD.A~INTL.5-2-IND-TBPD.A~INTL.5-2-IDN-TBPD.A~INTL.5-2-IRN-TBPD.A~INTL.5-2-IRQ-TBPD.A~INTL.5-2-IRL-TBPD.A~INTL.5-2-ISR-TBPD.A~INTL.5-2-ITA-TBPD.A~INTL.5-2-JAM-TBPD.A~INTL.5-2-JPN-TBPD.A~INTL.5-2-JOR-TBPD.A~INTL.5-2-KAZ-TBPD.A~INTL.5-2-KEN-TBPD.A~INTL.5-2-KIR-TBPD.A~INTL.5-2-PRK-TBPD.A~INTL.5-2-KOR-TBPD.A~INTL.5-2-UNK-TBPD.A~INTL.5-2-KWT-TBPD.A~INTL.5-2-KGZ-TBPD.A~INTL.5-2-LAO-TBPD.A~INTL.5-2-LVA-TBPD.A~INTL.5-2-LBN-TBPD.A~INTL.5-2-LSO-TBPD.A~INTL.5-2-LBR-TBPD.A~INTL.5-2-LBY-TBPD.A~INTL.5-2-LTU-TBPD.A~INTL.5-2-LUX-TBPD.A~INTL.5-2-MAC-TBPD.A~INTL.5-2-MKD-TBPD.A~INTL.5-2-MDG-TBPD.A~INTL.5-2-MWI-TBPD.A~INTL.5-2-MYS-TBPD.A~INTL.5-2-MDV-TBPD.A~INTL.5-2-MLI-TBPD.A~INTL.5-2-MLT-TBPD.A~INTL.5-2-MTQ-TBPD.A~INTL.5-2-MRT-TBPD.A~INTL.5-2-MUS-TBPD.A~INTL.5-2-MEX-TBPD.A~INTL.5-2-FSM-TBPD.A~INTL.5-2-MDA-TBPD.A~INTL.5-2-MNG-TBPD.A~INTL.5-2-MNE-TBPD.A~INTL.5-2-MSR-TBPD.A~INTL.5-2-MAR-TBPD.A~INTL.5-2-MOZ-TBPD.A~INTL.5-2-NAM-TBPD.A~INTL.5-2-NRU-TBPD.A~INTL.5-2-NPL-TBPD.A~INTL.5-2-NLD-TBPD.A~INTL.5-2-NLDA-TBPD.A~INTL.5-2-NCL-TBPD.A~INTL.5-2-NZL-TBPD.A~INTL.5-2-NIC-TBPD.A~INTL.5-2-NER-TBPD.A~INTL.5-2-NGA-TBPD.A~INTL.5-2-NIU-TBPD.A~INTL.5-2-MNP-TBPD.A~INTL.5-2-NOR-TBPD.A~INTL.5-2-OMN-TBPD.A~INTL.5-2-PAK-TBPD.A~INTL.5-2-PSE-TBPD.A~INTL.5-2-PAN-TBPD.A~INTL.5-2-PNG-TBPD.A~INTL.5-2-PRY-TBPD.A~INTL.5-2-PER-TBPD.A~INTL.5-2-PHL-TBPD.A~INTL.5-2-POL-TBPD.A~INTL.5-2-PRT-TBPD.A~INTL.5-2-PRI-TBPD.A~INTL.5-2-QAT-TBPD.A~INTL.5-2-REU-TBPD.A~INTL.5-2-ROU-TBPD.A~INTL.5-2-RUS-TBPD.A~INTL.5-2-RWA-TBPD.A~INTL.5-2-SHN-TBPD.A~INTL.5-2-KNA-TBPD.A~INTL.5-2-LCA-TBPD.A~INTL.5-2-SPM-TBPD.A~INTL.5-2-VCT-TBPD.A~INTL.5-2-WSM-TBPD.A~INTL.5-2-STP-TBPD.A~INTL.5-2-SAU-TBPD.A~INTL.5-2-SEN-TBPD.A~INTL.5-2-SRB-TBPD.A~INTL.5-2-SYC-TBPD.A~INTL.5-2-SLE-TBPD.A~INTL.5-2-SGP-TBPD.A~INTL.5-2-SVK-TBPD.A~INTL.5-2-SVN-TBPD.A~INTL.5-2-SLB-TBPD.A~INTL.5-2-SOM-TBPD.A~INTL.5-2-ZAF-TBPD.A~INTL.5-2-ESP-TBPD.A~INTL.5-2-LKA-TBPD.A~INTL.5-2-SDN-TBPD.A~INTL.5-2-SUR-TBPD.A~INTL.5-2-SWZ-TBPD.A~INTL.5-2-SWE-TBPD.A~INTL.5-2-CHE-TBPD.A~INTL.5-2-SYR-TBPD.A~INTL.5-2-TWN-TBPD.A~INTL.5-2-TJK-TBPD.A~INTL.5-2-TZA-TBPD.A~INTL.5-2-THA-TBPD.A~INTL.5-2-TLS-TBPD.A~INTL.5-2-TGO-TBPD.A~INTL.5-2-TON-TBPD.A~INTL.5-2-TTO-TBPD.A~INTL.5-2-TUN-TBPD.A~INTL.5-2-TUR-TBPD.A~INTL.5-2-TKM-TBPD.A~INTL.5-2-TCA-TBPD.A~INTL.5-2-TUV-TBPD.A~INTL.5-2-USIQ-TBPD.A~INTL.5-2-USOH-TBPD.A~INTL.5-2-UGA-TBPD.A~INTL.5-2-UKR-TBPD.A~INTL.5-2-ARE-TBPD.A~INTL.5-2-GBR-TBPD.A~INTL.5-2-USA-TBPD.A~INTL.5-2-URY-TBPD.A~INTL.5-2-UZB-TBPD.A~INTL.5-2-VUT-TBPD.A~INTL.5-2-VEN-TBPD.A~INTL.5-2-VNM-TBPD.A~INTL.5-2-VIR-TBPD.A~INTL.5-2-VGB-TBPD.A~INTL.5-2-WAK-TBPD.A~INTL.5-2-ESH-TBPD.A~INTL.5-2-YEM-TBPD.A~INTL.5-2-ZMB-TBPD.A~INTL.5-2-ZWE-TBPD.A&c=ruvvvvvfvtvnvv1vrvvvvfvvvvvvfvvvou20evvvvvvvvvvvvuvo&pa=0000001&f=A&ug=g&ct=0&tl_type=p&tl_id=5-A&s=,,,,,,,,,,,,,,,,,,,,,,,,
Mon Apr 25 2016 06:45:31 GMT-0400 (EDT),,,,,,,,,,,,,,,,,,,,,,,,
Source: U.S. Energy Information Administration,,,,,,,,,,,,,,,,,,,,,,,,
,,,1993,1994,1995,1996,1997,1998,1999,2000,2001,2002,2003,2004,2005,2006,2007,2008,2009,2010,2011,2012,2013,2014
,Petroleum (annual),1000 bbl/d,,,,,,,,,,,,,,,,,,,,,,
,Afghanistan,,,,,,,,,,,,,,,,,,,,,,,
,Consumption,1000 bbl/d,7,6.7,6.4,6,5.6,5.3,3.9,3.9,2.7,2,3.5,4.3,6.5,8.3,9.1,21,36,43,43,43,43,NA
,Albania,,,,,,,,,,,,,,,,,,,,,,,
,Consumption,1000 bbl/d,17,13,15,12,12,15,18,21,23,24,27,29,31,32,32,27,26,26,26,23,25,NA
,Algeria,,,,,,,,,,,,,,,,,,,,,,,
,Consumption,1000 bbl/d,207,204,205,198,199,206,209,225,221,240,234,252,257,253,270,308,334,354,349,377,390,NA
,American Samoa,,,,,,,,,,,,,,,,,,,,,,,
,Consumption,1000 bbl/d,3.9,3.8,3.8,3.8,3.8,3.8,3.8,3.7,3.8,3.8,3.8,3.8,4.1,4.1,4.1,4.1,4.1,4.1,2.3,2.3,2.4,NA
,Angola,,,,,,,,,,,,,,,,,,,,,,,
,Consumption,1000 bbl/d,25,25,27,25,29,26,31,35,43,45,47,48,50,56,67,79,98,104,107,112,112,NA
,Antarctica,,,,,,,,,,,,,,,,,,,,,,,
,Consumption,1000 bbl/d,1.4,1.4,1.5,1.5,1.5,1.5,1.5,1.5,1.5,1.5,1.5,1.5,1.6,1.6,1.6,1.6,1.6,1.6,(s),(s),(s),NA
,Antigua and Barbuda,,,,,,,,,,,,,,,,,,,,,,,
,Consumption,1000 bbl/d,3,3.2,3.3,3.3,3.4,3.4,3.4,3.5,3.5,3.5,3.7,4,4.4,4.5,4.4,4.5,4.8,4.9,4.9,4.9,4.9,NA
,Argentina,,,,,,,,,,,,,,,,,,,,,,,
,Consumption,1000 bbl/d,468,471,475,489,498,542,534,531,517,477,494,545,565,622,618,677,655,709,729,742,770,NA
,Armenia,,,,,,,,,,,,,,,,,,,,,,,
,Consumption,1000 bbl/d,25,18,25,28,31,32,33,35,37,39,40,41,44,45,47,47,46,9,8.5,8.7,8.7,NA
,Aruba,,,,,,,,,,,,,,,,,,,,,,,
,Consumption,1000 bbl/d,4.5,5,5.7,3.8,6,6.1,6.1,6.5,6.5,6.5,7,7.1,7.2,7.7,6.6,6.6,6.7,6.8,6.4,6.3,6.4,NA
,Australia,,,,,,,,,,,,,,,,,,,,,,,
,Consumption,1000 bbl/d,761,788,811,831,848,852,875,872,872,893,926,943,964,972,988,995,987,1013,1056,1074,1080,1079
,Austria,,,,,,,,,,,,,,,,,,,,,,,
,Consumption,1000 bbl/d,235,233,233,254,254,266,253,250,267,273,289,295,299,299,293,284,269,278,264,261,264,262
,Azerbaijan,,,,,,,,,,,,,,,,,,,,,,,
,Consumption,1000 bbl/d,194,187,179,134,129,146,149,137,120,110,111,113,115,114,109,84,80,83,92,97,99,NA
,"Bahamas, The",,,,,,,,,,,,,,,,,,,,,,,
,Consumption,1000 bbl/d,16,17,20,22,22,25,22,22,22,22,27,27,31,31,29,20,23,23,23,23,23,NA
,Bahrain,,,,,,,,,,,,,,,,,,,,,,,
,Consumption,1000 bbl/d,20,21,21,20,21,23,24,24,25,28,29,32,35,40,42,43,47,45,46,49,50,NA
,Bangladesh,,,,,,,,,,,,,,,,,,,,,,,
,Consumption,1000 bbl/d,40,46,51,52,56,58,67,69,81,83,84,85,87,91,91,94,101,82,104,107,109,NA
,Barbados,,,,,,,,,,,,,,,,,,,,,,,
,Consumption,1000 bbl/d,8.4,8.1,8.2,7.9,9.2,9.5,9.7,11,10,10,11,7.1,9.8,9.3,8.3,7.7,9.3,8.8,9.3,9.3,9,NA
,Belarus,,,,,,,,,,,,,,,,,,,,,,,
,Consumption,1000 bbl/d,289,241,228,206,186,171,150,140,130,123,143,158,171,174,176,157,183,152,176,166,171,NA
,Belgium,,,,,,,,,,,,,,,,,,,,,,,
,Consumption,1000 bbl/d,500,553,550,593,611,622,593,606,609,617,655,657,664,642,649,702,638,669,629,607,629,630
,Belize,,,,,,,,,,,,,,,,,,,,,,,
,Consumption,1000 bbl/d,2.1,2,2.3,1.9,3.2,3.2,3.3,4.7,6.3,6,6.3,6.8,7.1,7.2,7.3,3.6,3.5,3.5,3.5,3.5,3.5,NA
,Benin,,,,,,,,,,,,,,,,,,,,,,,
,Consumption,1000 bbl/d,5.8,6.1,6.7,7.2,7.8,8.5,9.2,11,11,12,14,17,18,21,23,24,31,35,31,31,31,NA
,Bermuda,,,,,,,,,,,,,,,,,,,,,,,
,Consumption,1000 bbl/d,3.6,3.6,3.6,3.7,3.7,3.7,3.7,3.7,3.6,3.7,4,4.3,4.5,4.5,6.3,4,4.5,4.6,4.6,4.6,4.6,NA
,Bhutan,,,,,,,,,,,,,,,,,,,,,,,
,Consumption,1000 bbl/d,0.6,0.7,0.9,0.9,0.9,1,1,1,1,1.1,1.1,1.1,1.2,1.2,1.5,1.6,2,2,2,2,2,NA
,Bolivia,,,,,,,,,,,,,,,,,,,,,,,
,Consumption,1000 bbl/d,28,30,33,35,36,40,43,45,47,47,46,48,49,50,61,57,57,61,64,71,71,NA
,Bosnia and Herzegovina,,,,,,,,,,,,,,,,,,,,,,,
,Consumption,1000 bbl/d,23,20,19,18,18,21,21,19,19,20,22,25,26,26,26,30,34,35,35,33,34,NA
,Botswana,,,,,,,,,,,,,,,,,,,,,,,
,Consumption,1000 bbl/d,8.2,8.2,8.2,8.2,9.3,9.5,9.5,14,12,11,11,13,15,15,16,19,18,19,18,18,18,NA
,Brazil,,,,,,,,,,,,,,,,,,,,,,,
,Consumption,1000 bbl/d,1580,1674,1788,1904,2031,2096,2130,2121,2116,2102,2036,2123,2171,2197,2297,2441,2459,2699,2777,2923,3003,NA
,Brunei,,,,,,,,,,,,,,,,,,,,,,,
,Consumption,1000 bbl/d,9.2,11,11,13,13,13,12,13,13,13,13,13,14,14,15,17,17,17,18,18,18,NA
,Bulgaria,,,,,,,,,,,,,,,,,,,,,,,
,Consumption,1000 bbl/d,117,126,131,119,107,103,97,100,101,106,102,99,104,105,105,104,99,90,84,87,89,NA
,Burkina Faso,,,,,,,,,,,,,,,,,,,,,,,
,Consumption,1000 bbl/d,4.2,4.6,4.6,4.7,7.6,7.2,7.2,7.5,7.6,7.8,8.1,8.2,8.3,8.4,9.5,13,12,12,12,12,12,NA
,Burma (Myanmar),,,,,,,,,,,,,,,,,,,,,,,
,Consumption,1000 bbl/d,17,19,18,20,25,30,36,37,34,35,36,40,43,40,40,29,27,27,25,25,25,NA
,Burundi,,,,,,,,,,,,,,,,,,,,,,,
,Consumption,1000 bbl/d,2.5,2.6,2.5,2.6,2.6,2.6,2.6,2.6,2.8,2.8,2.9,2.7,2.6,2.6,2.4,1.3,1.5,1.5,1.5,1.5,1.5,NA
,Cambodia,,,,,,,,,,,,,,,,,,,,,,,
,Consumption,1000 bbl/d,3.2,3.3,10,11,13,16,16,17,20,22,24,26,28,31,33,34,32,26,29,29,28,NA
,Cameroon,,,,,,,,,,,,,,,,,,,,,,,
,Consumption,1000 bbl/d,21,23,23,23,24,23,22,23,23,22,23,24,24,26,29,31,33,36,37,39,38,NA
,Canada,,,,,,,,,,,,,,,,,,,,,,,
,Consumption,1000 bbl/d,1734,1755,1799,1853,1940,1931,2016,2008,2029,2040,2155,2233,2296,2294,2389,2317,2230,2326,2357,2403,2374,2395
,Cape Verde,,,,,,,,,,,,,,,,,,,,,,,
,Consumption,1000 bbl/d,0.8,0.9,0.8,0.9,0.9,0.9,0.9,1.5,1,1.1,1.1,2.1,1.8,2,2.3,2.4,2.6,2.6,2.6,2.6,2.6,NA
,Cayman Islands,,,,,,,,,,,,,,,,,,,,,,,
,Consumption,1000 bbl/d,2,2.2,2.4,2.4,2.4,2.4,2.4,2.4,2.4,2.4,2.5,2.7,2.8,3.2,3.7,4.5,3.7,3.8,3.7,3.7,3.7,NA
,Central African Republic,,,,,,,,,,,,,,,,,,,,,,,
,Consumption,1000 bbl/d,1.8,1.9,1.9,2,2,2.1,2.1,2.2,2.2,2.3,2.3,2.2,2.1,2.2,2.4,2.5,2.3,2.3,2.3,2.3,2.3,NA
,Chad,,,,,,,,,,,,,,,,,,,,,,,
,Consumption,1000 bbl/d,1.1,1.2,1.2,1.2,1.2,1.2,1.2,1.3,1.4,1.4,1.4,1.3,1.5,1.6,1.8,1.8,1.8,1.8,1.8,1.8,1.7,NA
,Chile,,,,,,,,,,,,,,,,,,,,,,,
,Consumption,1000 bbl/d,179,196,212,232,245,255,261,240,233,240,248,263,272,278,352,370,368,323,332,340,346,329
,Colombia,,,,,,,,,,,,,,,,,,,,,,,
,Consumption,1000 bbl/d,240,244,251,278,287,289,282,277,271,256,265,268,271,277,270,265,260,270,294,321,324,NA
,Comoros,,,,,,,,,,,,,,,,,,,,,,,
,Consumption,1000 bbl/d,0.5,0.6,0.6,0.6,0.6,0.6,0.6,0.6,0.7,0.7,0.7,0.7,0.8,0.8,1,1,1,0.9,1,1,1,NA
,Congo (Brazzaville),,,,,,,,,,,,,,,,,,,,,,,
,Consumption,1000 bbl/d,5.4,5.3,5.2,5,5,5.1,4.2,4.4,5.6,4.8,6,6.7,7.6,8.2,9.1,10,12,17,14,15,15,NA
,Congo (Kinshasa),,,,,,,,,,,,,,,,,,,,,,,
,Consumption,1000 bbl/d,25,20,21,21,21,20,17,14,9.5,8.1,8.1,11,12,11,13,12,11,16,20,21,20,NA
,Cook Islands,,,,,,,,,,,,,,,,,,,,,,,
,Consumption,1000 bbl/d,0.3,0.3,0.3,0.3,0.3,0.3,0.3,0.4,0.4,0.4,0.4,0.4,0.5,0.5,0.5,0.5,0.5,0.5,0.5,0.5,0.5,NA
,Costa Rica,,,,,,,,,,,,,,,,,,,,,,,
,Consumption,1000 bbl/d,27,28,31,30,31,35,36,36,38,40,42,42,41,46,49,50,48,49,49,50,50,NA
,Cote dIvoire (IvoryCoast),,,,,,,,,,,,,,,,,,,,,,,
,Consumption,1000 bbl/d,28,29,29,30,28,27,30,33,22,23,23,27,28,27,25,28,27,27,27,26,26,NA
,Croatia,,,,,,,,,,,,,,,,,,,,,,,
,Consumption,1000 bbl/d,63,79,88,78,81,90,91,86,86,89,91,95,97,99,100,95,94,80,79,73,75,NA
,Cuba,,,,,,,,,,,,,,,,,,,,,,,
,Consumption,1000 bbl/d,179,183,187,192,200,194,195,195,204,202,205,229,198,157,161,141,170,164,171,170,170,NA
,Cyprus,,,,,,,,,,,,,,,,,,,,,,,
,Consumption,1000 bbl/d,38,43,43,42,43,46,49,49,51,51,52,52,56,57,58,60,58,56,55,52,53,NA
,Czech Republic,,,,,,,,,,,,,,,,,,,,,,,
,Consumption,1000 bbl/d,154,159,169,173,169,175,174,170,179,176,188,206,213,211,211,215,205,201,197,194,187,200
,Denmark,,,,,,,,,,,,,,,,,,,,,,,
,Consumption,1000 bbl/d,199,211,223,235,227,223,220,210,213,197,188,185,183,190,191,181,167,167,164,155,155,154
,Djibouti,,,,,,,,,,,,,,,,,,,,,,,
,Consumption,1000 bbl/d,11,11,11,11,11,11,11,11,11,11,12,12,12,11,11,8,8.1,8.1,8.1,8.1,8,NA
,Dominica,,,,,,,,,,,,,,,,,,,,,,,
,Consumption,1000 bbl/d,0.4,0.5,0.6,0.6,0.6,0.6,0.6,0.6,0.7,0.8,0.9,0.8,0.7,0.8,0.9,0.9,0.9,0.9,0.9,0.9,0.9,NA
,Dominican Republic,,,,,,,,,,,,,,,,,,,,,,,
,Consumption,1000 bbl/d,59,68,72,78,84,86,99,110,114,116,115,114,115,117,119,122,113,113,114,116,115,NA
,Ecuador,,,,,,,,,,,,,,,,,,,,,,,
,Consumption,1000 bbl/d,112,120,123,129,135,137,128,134,140,142,146,152,159,174,202,222,234,243,244,251,254,NA
,Egypt,,,,,,,,,,,,,,,,,,,,,,,
,Consumption,1000 bbl/d,439,430,448,486,531,545,554,539,545,565,561,604,658,689,715,708,712,706,710,743,752,NA
,El Salvador,,,,,,,,,,,,,,,,,,,,,,,
,Consumption,1000 bbl/d,22,25,31,30,32,38,38,38,39,39,42,42,43,44,45,42,43,43,44,45,45,NA
,Equatorial Guinea,,,,,,,,,,,,,,,,,,,,,,,
,Consumption,1000 bbl/d,0.9,0.9,0.9,0.9,1,1,1,1.5,1.1,1.1,1.2,1,1.1,1.1,1.7,5.2,3.1,4.6,4.9,4.9,4.9,NA
,Eritrea,,,,,,,,,,,,,,,,,,,,,,,
,Consumption,1000 bbl/d,--,6.5,7.2,7.3,7.4,7.9,6.5,4.2,4.9,4.6,5.2,4.9,4.9,4.9,4.5,2.7,3.3,4.6,3.3,3.5,3.5,NA
,Estonia,,,,,,,,,,,,,,,,,,,,,,,
,Consumption,1000 bbl/d,34,32,25,27,27,27,25,21,24,25,24,25,26,28,30,28,26,26,26,29,30,31
,Ethiopia,,,,,,,,,,,,,,,,,,,,,,,
,Consumption,1000 bbl/d,22,14,15,12,12,17,21,23,23,26,28,29,30,34,37,47,46,42,49,52,51,NA
,Falkland Islands (Islas Malvinas),,,,,,,,,,,,,,,,,,,,,,,
,Consumption,1000 bbl/d,0.2,0.2,0.2,0.2,0.2,0.2,0.2,0.2,0.2,0.2,0.2,0.2,0.2,0.3,0.3,0.3,0.3,0.3,0.3,0.3,0.3,NA
,Faroe Islands,,,,,,,,,,,,,,,,,,,,,,,
,Consumption,1000 bbl/d,4,4,4.2,4.3,4.4,4.4,4.4,4.5,4.5,4.5,4.5,4.6,4.6,4.9,4.8,4.9,4.9,4.7,4.9,4.9,4.9,NA
,Fiji,,,,,,,,,,,,,,,,,,,,,,,
,Consumption,1000 bbl/d,6.1,6.4,6.9,7.1,7.1,6.9,7.7,9.3,10,12,16,17,17,18,17,14,9.4,9.2,9.4,9.4,9.4,NA
,Finland,,,,,,,,,,,,,,,,,,,,,,,
,Consumption,1000 bbl/d,212,220,203,203,204,210,211,214,212,219,223,221,219,222,227,217,203,212,206,198,194,186
,Former Czechoslovakia,,,,,,,,,,,,,,,,,,,,,,,
,Consumption,1000 bbl/d,--,--,--,--,--,--,--,--,--,--,--,--,--,--,--,--,--,--,--,--,--,--
,Former Serbia and Montenegro,,,,,,,,,,,,,,,,,,,,,,,
,Consumption,1000 bbl/d,33,32,27,49,67,63,58,62,82,84,85,85,86,--,--,--,--,--,--,--,--,--
,Former U.S.S.R.,,,,,,,,,,,,,,,,,,,,,,,
,Consumption,1000 bbl/d,--,--,--,--,--,--,--,--,--,--,--,--,--,--,--,--,--,--,--,--,--,--
,Former Yugoslavia,,,,,,,,,,,,,,,,,,,,,,,
,Consumption,1000 bbl/d,--,--,--,--,--,--,--,--,--,--,--,--,--,--,--,--,--,--,--,--,--,--
,France,,,,,,,,,,,,,,,,,,,,,,,
,Consumption,1000 bbl/d,1879,1866,1915,1943,1962,2040,2034,2001,2054,1991,2001,2008,1990,1991,1978,1940,1863,1822,1779,1739,1713,1653
,French Guiana,,,,,,,,,,,,,,,,,,,,,,,
,Consumption,1000 bbl/d,5.4,5.4,6.2,6.1,6.2,6.3,6.3,6.3,6.4,6.5,6.8,6.6,6.9,7,6.7,6.2,5.5,6.5,5.5,5.5,5.5,NA
,French Polynesia,,,,,,,,,,,,,,,,,,,,,,,
,Consumption,1000 bbl/d,5.9,4.7,4.9,4.9,4.9,4.9,4.9,4.6,4.6,4.8,5.7,5.7,6.3,6.7,6.6,7.2,7,7.2,7,7,7,NA
,Gabon,,,,,,,,,,,,,,,,,,,,,,,
,Consumption,1000 bbl/d,15,15,14,15,16,15,13,12,13,12,13,13,13,14,16,18,19,18,18,18,18,NA
,"Gambia, The",,,,,,,,,,,,,,,,,,,,,,,
,Consumption,1000 bbl/d,1.5,1.6,1.5,1.5,1.5,1.6,1.6,1.8,1.9,2,2,2,2.1,2.2,2.8,2.9,3.1,3.4,3.1,3.1,3.1,NA
,Georgia,,,,,,,,,,,,,,,,,,,,,,,
,Consumption,1000 bbl/d,16,7.5,8,14,16,16,17,16,13,12,12,13,15,16,18,19,20,21,22,22,21,NA
,Germany,,,,,,,,,,,,,,,,,,,,,,,
,Consumption,1000 bbl/d,2908,2883,2882,2922,2917,2923,2836,2767,2807,2710,2679,2648,2624,2636,2407,2533,2434,2467,2392,2389,2435,2396
,"Germany, East",,,,,,,,,,,,,,,,,,,,,,,
,Consumption,1000 bbl/d,--,--,--,--,--,--,--,--,--,--,--,--,--,--,--,--,--,--,--,--,--,--
,"Germany, West",,,,,,,,,,,,,,,,,,,,,,,
,Consumption,1000 bbl/d,--,--,--,--,--,--,--,--,--,--,--,--,--,--,--,--,--,--,--,--,--,--
,Ghana,,,,,,,,,,,,,,,,,,,,,,,
,Consumption,1000 bbl/d,23,26,27,27,26,27,31,37,36,39,42,45,46,47,48,44,54,65,69,78,75,NA
,Gibraltar,,,,,,,,,,,,,,,,,,,,,,,
,Consumption,1000 bbl/d,18,18,18,19,18,21,19,41,23,23,24,24,25,26,26,27,28,50,53,54,53,NA
,Greece,,,,,,,,,,,,,,,,,,,,,,,
,Consumption,1000 bbl/d,333,340,355,368,374,392,383,399,406,408,429,420,424,444,450,429,403,372,351,306,283,285
,Greenland,,,,,,,,,,,,,,,,,,,,,,,
,Consumption,1000 bbl/d,3.4,3.4,3.4,3.4,3.5,3.6,3.6,3.7,3.8,3.8,3.8,3.9,3.9,4,5.6,5.7,5,6.5,7,7,7,NA
,Grenada,,,,,,,,,,,,,,,,,,,,,,,
,Consumption,1000 bbl/d,1,1.2,1.1,1.2,1.6,1.4,1.4,1,1.6,1.7,1.8,1.8,1.8,1.9,1.9,2,2,2,2,2,2,NA
,Guadeloupe,,,,,,,,,,,,,,,,,,,,,,,
,Consumption,1000 bbl/d,11,11,12,12,12,12,12,12,13,13,13,14,14,15,17,17,15,15,15,15,15,NA
,Guam,,,,,,,,,,,,,,,,,,,,,,,
,Consumption,1000 bbl/d,,,,,,,,,,,,,,,,,,,,,,
,Guatemala,,,,,,,,,,,,,,,,,,,,,,,
,Consumption,1000 bbl/d,34,38,41,44,48,58,59,59,66,65,65,68,70,71,74,67,76,68,69,70,69,NA
,Guinea,,,,,,,,,,,,,,,,,,,,,,,
,Consumption,1000 bbl/d,7.6,7.8,7.8,7.8,7.9,7.9,7.9,8.2,8.3,8.4,8.4,8.5,8.7,8.7,8.6,9,9.1,9.1,9.1,9.1,9,NA
,Guinea-Bissau,,,,,,,,,,,,,,,,,,,,,,,
,Consumption,1000 bbl/d,2,2.1,2,2.1,2.1,2.1,2.1,2.3,2.3,2.4,2.5,2.5,2.6,2.5,2.6,2.6,2.7,2.7,2.7,2.7,2.7,NA
,Guyana,,,,,,,,,,,,,,,,,,,,,,,
,Consumption,1000 bbl/d,7.1,7.1,6.2,6.7,7.4,9.3,9.9,11,11,11,11,10,11,11,10,11,11,11,11,11,11,NA
,Haiti,,,,,,,,,,,,,,,,,,,,,,,
,Consumption,1000 bbl/d,4.3,3.7,6.3,7.5,9.4,8.9,10,10,11,12,12,12,12,12,13,17,15,14,15,15,15,NA
,Hawaiian Trade Zone,,,,,,,,,,,,,,,,,,,,,,,
,Consumption,1000 bbl/d,--,--,--,--,--,--,--,--,--,--,--,--,--,--,--,--,--,--,--,--,--,--
,Honduras,,,,,,,,,,,,,,,,,,,,,,,
,Consumption,1000 bbl/d,18,20,23,25,25,29,31,28,33,36,37,42,44,46,51,49,44,46,47,51,49,NA
,Hong Kong,,,,,,,,,,,,,,,,,,,,,,,
,Consumption,1000 bbl/d,158,180,186,183,185,192,264,245,245,273,277,319,331,318,350,315,384,431,384,354,360,NA
,Hungary,,,,,,,,,,,,,,,,,,,,,,,
,Consumption,1000 bbl/d,161,162,155,145,149,156,149,143,138,140,135,136,155,163,161,159,158,149,143,133,129,139
,Iceland,,,,,,,,,,,,,,,,,,,,,,,
,Consumption,1000 bbl/d,15,15,15,17,17,18,18,18,17,18,18,19,17,18,18,17,15,15,15,17,17,16
,India,,,,,,,,,,,,,,,,,,,,,,,
,Consumption,1000 bbl/d,1351,1433,1655,1741,1835,1924,2031,2147,2264,2333,2426,2572,2550,2702,2888,2957,3068,3305,3461,3618,3660,NA
,Indonesia,,,,,,,,,,,,,,,,,,,,,,,
,Consumption,1000 bbl/d,765,778,807,859,942,906,964,1037,1077,1126,1143,1233,1279,1247,1268,1309,1341,1487,1575,1698,1718,NA
,Iran,,,,,,,,,,,,,,,,,,,,,,,
,Consumption,1000 bbl/d,1138,1205,1185,1239,1277,1270,1310,1319,1397,1386,1426,1489,1613,1763,1826,1980,1959,1811,1782,1863,1885,NA
,Iraq,,,,,,,,,,,,,,,,,,,,,,,
,Consumption,1000 bbl/d,409,457,474,469,443,447,451,462,489,497,457,503,541,533,567,584,624,641,668,734,750,NA
,Ireland,,,,,,,,,,,,,,,,,,,,,,,
,Consumption,1000 bbl/d,104,114,117,122,134,150,168,170,182,179,176,182,197,203,194,191,165,164,144,136,139,140
,Israel,,,,,,,,,,,,,,,,,,,,,,,
,Consumption,1000 bbl/d,199,212,228,221,230,228,235,252,234,247,255,248,233,242,251,246,233,251,248,292,241,233
,Italy,,,,,,,,,,,,,,,,,,,,,,,
,Consumption,1000 bbl/d,1891,1869,1942,1920,1934,1943,1891,1854,1835,1870,1860,1829,1781,1777,1729,1667,1544,1544,1494,1370,1260,1225
,Jamaica,,,,,,,,,,,,,,,,,,,,,,,
,Consumption,1000 bbl/d,52,55,60,62,66,67,69,66,66,68,70,71,69,78,82,80,58,51,54,52,53,NA
,Japan,,,,,,,,,,,,,,,,,,,,,,,
,Consumption,1000 bbl/d,5364,5622,5659,5704,5667,5472,5606,5480,5380,5287,5397,5288,5298,5168,5009,4770,4363,4429,4439,4697,4557,4350
,Jordan,,,,,,,,,,,,,,,,,,,,,,,
,Consumption,1000 bbl/d,72,82,85,92,88,96,96,101,99,103,106,107,112,108,104,97,98,106,127,137,134,NA
,Kazakhstan,,,,,,,,,,,,,,,,,,,,,,,
,Consumption,1000 bbl/d,341,298,269,245,218,197,171,195,210,217,207,221,229,234,236,248,210,234,271,246,248,NA
,Kenya,,,,,,,,,,,,,,,,,,,,,,,
,Consumption,1000 bbl/d,42,44,46,48,44,51,52,57,52,51,54,59,66,73,73,68,76,80,87,85,84,NA
,Kiribati,,,,,,,,,,,,,,,,,,,,,,,
,Consumption,1000 bbl/d,0.1,0.1,0.1,0.1,0.1,0.1,0.1,0.2,0.2,0.2,0.2,0.2,0.3,0.3,0.3,0.3,0.4,0.4,0.4,0.4,0.4,NA
,"Korea, North",,,,,,,,,,,,,,,,,,,,,,,
,Consumption,1000 bbl/d,72,70,63,48,40,35,30,25,23,25,25,24,19,14,17,17,13,17,17,17,17,NA
,"Korea, South",,,,,,,,,,,,,,,,,,,,,,,
,Consumption,1000 bbl/d,1684,1840,2008,2101,2255,1917,2084,2135,2132,2149,2175,2155,2191,2180,2240,2142,2188,2269,2259,2322,2328,2340
,Kosovo,,,,,,,,,,,,,,,,,,,,,,,
,Consumption,1000 bbl/d,,,,,,,,,,,,,,,,11,12,11,13,12,12,NA
,Kuwait,,,,,,,,,,,,,,,,,,,,,,,
,Consumption,1000 bbl/d,131,166,173,189,212,238,259,264,275,278,288,295,330,320,338,354,372,397,431,456,467,NA
,Kyrgyzstan,,,,,,,,,,,,,,,,,,,,,,,
,Consumption,1000 bbl/d,19,8.8,12,12,10,14,12,11,9.2,10,9.6,12,14,14,14,26,34,27,28,36,33,NA
,Laos,,,,,,,,,,,,,,,,,,,,,,,
,Consumption,1000 bbl/d,2,2.2,2.3,2.5,2.6,2.7,2.7,2.7,2.7,2.9,2.9,2.9,3,3.1,3.1,3.2,3.2,3.2,3.2,3.2,3.2,NA
,Latvia,,,,,,,,,,,,,,,,,,,,,,,
,Consumption,1000 bbl/d,41,40,42,47,35,35,31,29,30,28,30,33,35,38,35,36,32,36,34,33,34,NA
,Lebanon,,,,,,,,,,,,,,,,,,,,,,,
,Consumption,1000 bbl/d,67,76,82,85,97,100,104,106,101,102,104,102,97,87,79,103,129,120,124,127,125,NA
,Lesotho,,,,,,,,,,,,,,,,,,,,,,,
,Consumption,1000 bbl/d,1.1,1.2,1.2,1.2,1.2,1.2,1.2,1.4,1.4,1.4,1.4,1.4,1.5,1.6,1.7,1.8,1.6,3.7,1.6,1.6,1.6,NA
,Liberia,,,,,,,,,,,,,,,,,,,,,,,
,Consumption,1000 bbl/d,2.5,2.5,2.5,2.6,2.6,2.7,2.7,2.9,3.1,3.4,3.5,3.5,3.5,4.1,4.5,4,3.8,3.6,3.8,3.8,3.8,NA
,Libya,,,,,,,,,,,,,,,,,,,,,,,
,Consumption,1000 bbl/d,160,166,179,187,199,187,192,210,225,246,260,255,265,268,254,268,287,331,182,238,242,NA
,Lithuania,,,,,,,,,,,,,,,,,,,,,,,
,Consumption,1000 bbl/d,76,78,73,66,67,71,62,57,55,53,52,55,68,73,74,68,57,55,55,56,55,NA
,Luxembourg,,,,,,,,,,,,,,,,,,,,,,,
,Consumption,1000 bbl/d,40,40,37,39,41,42,45,48,51,52,56,63,65,62,61,61,57,60,61,59,58,57
,Macau,,,,,,,,,,,,,,,,,,,,,,,
,Consumption,1000 bbl/d,7.8,8.3,8.1,9.4,9.7,10,11,10,11,12,12,15,13,15,14,12,12,9.7,11,11,11,NA
,Macedonia,,,,,,,,,,,,,,,,,,,,,,,
,Consumption,1000 bbl/d,21,18,18,23,21,22,20,22,18,20,20,20,20,20,20,19,19,19,19,19,19,NA
,Madagascar,,,,,,,,,,,,,,,,,,,,,,,
,Consumption,1000 bbl/d,7.3,8.1,8.4,8.4,8.5,8.6,8.6,12,13,15,16,17,17,17,16,14,12,12,12,12,12,NA
,Malawi,,,,,,,,,,,,,,,,,,,,,,,
,Consumption,1000 bbl/d,4.3,4.7,4.9,5,5,5,5,5.3,5.3,5.4,5.4,6.3,6.8,7,7.2,7.2,6.1,6.1,6.1,6.1,6,NA
,Malaysia,,,,,,,,,,,,,,,,,,,,,,,
,Consumption,1000 bbl/d,336,378,399,435,469,449,454,465,475,463,480,508,522,534,574,568,611,631,675,670,680,NA
,Maldives,,,,,,,,,,,,,,,,,,,,,,,
,Consumption,1000 bbl/d,0.8,1.7,2.4,2.3,2,2.2,2.2,3.1,3.4,6.2,7,4.9,3.9,5.4,6.1,6.2,6.9,6.9,6.9,6.9,6.9,NA
,Mali,,,,,,,,,,,,,,,,,,,,,,,
,Consumption,1000 bbl/d,3.5,3.6,3.6,3.6,3.7,3.7,3.7,3.8,3.9,4.2,4.2,4.4,4.9,4.4,4.5,4.6,4.7,4.7,4.7,4.7,4.7,NA
,Malta,,,,,,,,,,,,,,,,,,,,,,,
,Consumption,1000 bbl/d,13,14,15,16,17,18,21,18,15,18,18,18,19,18,19,37,40,47,42,42,42,NA
,Martinique,,,,,,,,,,,,,,,,,,,,,,,
,Consumption,1000 bbl/d,13,13,13,13,13,13,13,13,13,14,14,15,16,15,16,14,17,17,17,17,17,NA
,Mauritania,,,,,,,,,,,,,,,,,,,,,,,
,Consumption,1000 bbl/d,23,23,23,23,23,23,23,24,24,23,23,20,24,21,19,13,13,13,13,13,13,NA
,Mauritius,,,,,,,,,,,,,,,,,,,,,,,
,Consumption,1000 bbl/d,15,15,16,16,16,16,16,20,22,20,21,21,22,22,23,23,21,23,25,25,24,NA
,Mexico,,,,,,,,,,,,,,,,,,,,,,,
,Consumption,1000 bbl/d,1821,1923,1801,1820,1888,2002,2043,2096,2069,2019,2016,2069,2117,2123,2173,2161,2070,2080,2113,2101,2090,2007
,Micronesia,,,,,,,,,,,,,,,,,,,,,,,
,Consumption,1000 bbl/d,,,,,,,,,,,,,,,,,,,,,,
,Moldova,,,,,,,,,,,,,,,,,,,,,,,
,Consumption,1000 bbl/d,40,22,22,20,18,15,9.8,9.6,11,12,13,14,15,15,16,16,14,17,17,16,16,NA
,Mongolia,,,,,,,,,,,,,,,,,,,,,,,
,Consumption,1000 bbl/d,13,13,11,12,8,8.5,8.7,8.5,9.9,11,10,12,13,14,15,18,17,17,22,25,24,NA
,Montenegro,,,,,,,,,,,,,,,,,,,,,,,
,Consumption,1000 bbl/d,--,--,--,--,--,--,--,--,--,--,--,--,--,2.9,3.1,3.7,3.8,6.3,6.2,5.9,6,NA
,Montserrat,,,,,,,,,,,,,,,,,,,,,,,
,Consumption,1000 bbl/d,0.3,0.3,0.3,0.3,0.3,0.3,0.3,0.4,0.4,0.4,0.4,0.5,0.5,0.5,0.6,0.6,0.6,0.6,0.6,0.6,0.6,NA
,Morocco,,,,,,,,,,,,,,,,,,,,,,,
,Consumption,1000 bbl/d,135,148,142,137,146,144,158,158,161,164,167,170,174,181,183,216,235,268,282,291,293,NA
,Mozambique,,,,,,,,,,,,,,,,,,,,,,,
,Consumption,1000 bbl/d,6.8,6.5,7.1,7,7.3,7.6,7.9,7.8,9.4,11,11,13,13,14,14,13,15,16,18,18,17,NA
,Namibia,,,,,,,,,,,,,,,,,,,,,,,
,Consumption,1000 bbl/d,8.7,8.4,8.4,8.8,9.4,10,12,13,15,15,17,18,18,19,20,20,22,21,22,22,22,NA
,Nauru,,,,,,,,,,,,,,,,,,,,,,,
,Consumption,1000 bbl/d,0.9,0.9,1,1,1,1,1,1,1,1,1,1,1,1,1,1,1.1,1.1,1.1,1.1,1,NA
,Nepal,,,,,,,,,,,,,,,,,,,,,,,
,Consumption,1000 bbl/d,6,6.8,7.3,9.1,11,14,15,15,15,16,16,16,17,17,17,17,20,22,20,20,20,NA
,Netherlands,,,,,,,,,,,,,,,,,,,,,,,
,Consumption,1000 bbl/d,764,764,767,761,793,802,828,855,894,898,919,948,1009,999,1111,1069,1005,1020,1019,1011,1014,964
,Netherlands Antilles,,,,,,,,,,,,,,,,,,,,,,,
,Consumption,1000 bbl/d,63,66,69,69,74,74,71,71,72,71,66,66,70,73,76,87,79,79,90,90,90,NA
,New Caledonia,,,,,,,,,,,,,,,,,,,,,,,
,Consumption,1000 bbl/d,8.7,8.4,8.4,8.6,8.6,8.7,8.7,8.6,8.6,10,10,11,11,14,14,14,15,15,15,15,15,NA
,New Zealand,,,,,,,,,,,,,,,,,,,,,,,
,Consumption,1000 bbl/d,110,120,125,125,129,129,131,134,135,141,146,150,153,154,156,158,151,153,153,152,154,157
,Nicaragua,,,,,,,,,,,,,,,,,,,,,,,
,Consumption,1000 bbl/d,15,16,17,19,20,22,24,24,26,25,26,27,29,28,29,28,28,28,31,30,30,NA
,Niger,,,,,,,,,,,,,,,,,,,,,,,
,Consumption,1000 bbl/d,4.7,4.8,4.8,4.8,4.8,4.8,4.8,5,5.1,5.3,5.4,5.4,5.4,5.4,5.4,3.3,5.1,5.1,5.1,5.1,5,NA
,Nigeria,,,,,,,,,,,,,,,,,,,,,,,
,Consumption,1000 bbl/d,271,252,284,286,277,260,252,246,306,304,288,277,312,284,232,263,253,283,287,279,280,NA
,Niue,,,,,,,,,,,,,,,,,,,,,,,
,Consumption,1000 bbl/d,(s),(s),(s),(s),(s),(s),(s),(s),(s),(s),(s),(s),(s),(s),(s),(s),(s),(s),(s),(s),(s),NA
,Northern Mariana Islands,,,,,,,,,,,,,,,,,,,,,,,
,Consumption,1000 bbl/d,,,,,,,,,,,,,,,,,,,,,,
,Norway,,,,,,,,,,,,,,,,,,,,,,,
,Consumption,1000 bbl/d,195,200,208,220,220,221,222,209,222,220,230,217,222,228,238,223,223,229,222,215,218,212
,Oman,,,,,,,,,,,,,,,,,,,,,,,
,Consumption,1000 bbl/d,39,40,42,47,49,51,53,53,55,57,58,64,72,78,91,122,109,150,163,186,172,NA
,Pakistan,,,,,,,,,,,,,,,,,,,,,,,
,Consumption,1000 bbl/d,256,282,298,327,333,347,369,365,360,356,337,327,336,357,382,390,391,416,413,425,434,NA
,Palestinian Territories,,,,,,,,,,,,,,,,,,,,,,,
,Consumption,1000 bbl/d,--,--,--,--,3.1,5.2,5.7,7.1,10,8.9,9.7,16,20,22,22,15,16,18,16,16,16,NA
,Panama,,,,,,,,,,,,,,,,,,,,,,,
,Consumption,1000 bbl/d,71,81,86,72,77,85,78,77,80,77,78,88,84,86,89,52,98,117,125,133,134,NA
,Papua New Guinea,,,,,,,,,,,,,,,,,,,,,,,
,Consumption,1000 bbl/d,15,15,15,15,15,15,15,15,15,22,25,25,25,27,26,20,20,20,20,20,20,NA
,Paraguay,,,,,,,,,,,,,,,,,,,,,,,
,Consumption,1000 bbl/d,18,20,23,19,21,24,27,25,24,25,26,26,26,26,26,28,29,31,34,36,35,NA
,Peru,,,,,,,,,,,,,,,,,,,,,,,
,Consumption,1000 bbl/d,126,132,143,153,157,159,161,157,154,152,154,162,158,170,166,186,188,206,216,224,226,NA
,Philippines,,,,,,,,,,,,,,,,,,,,,,,
,Consumption,1000 bbl/d,285,303,328,346,365,381,370,353,347,338,333,337,312,285,300,287,300,309,301,310,314,NA
,Poland,,,,,,,,,,,,,,,,,,,,,,,
,Consumption,1000 bbl/d,293,304,318,361,391,404,420,411,405,406,431,454,471,502,524,539,544,568,560,534,507,508
,Portugal,,,,,,,,,,,,,,,,,,,,,,,
,Consumption,1000 bbl/d,266,271,290,281,298,326,337,333,334,343,326,328,337,303,308,293,276,274,256,230,238,242
,Puerto Rico,,,,,,,,,,,,,,,,,,,,,,,
,Consumption,1000 bbl/d,,,,,,,,,,,,,,,,,,,,,,
,Qatar,,,,,,,,,,,,,,,,,,,,,,,
,Consumption,1000 bbl/d,32,32,35,40,40,42,43,48,54,62,72,83,86,105,128,153,169,199,201,226,230,NA
,Reunion,,,,,,,,,,,,,,,,,,,,,,,
,Consumption,1000 bbl/d,13,13,13,13,13,17,17,18,19,18,18,19,19,19,20,20,21,21,21,21,20,NA
,Romania,,,,,,,,,,,,,,,,,,,,,,,
,Consumption,1000 bbl/d,248,221,244,257,270,250,216,224,229,232,220,225,222,218,224,231,201,192,188,190,188,NA
,Rwanda,,,,,,,,,,,,,,,,,,,,,,,
,Consumption,1000 bbl/d,4.6,4.7,4.8,4.8,4.8,4.9,4.9,5.2,5.2,5.3,5.3,5.2,5.5,5.6,5.1,5.1,5.3,5.3,5.3,5.3,5.3,NA
,Saint Helena,,,,,,,,,,,,,,,,,,,,,,,
,Consumption,1000 bbl/d,(s),(s),(s),(s),(s),(s),(s),0.2,(s),(s),(s),(s),(s),(s),(s),(s),(s),(s),(s),(s),(s),NA
,Saint Kitts and Nevis,,,,,,,,,,,,,,,,,,,,,,,
,Consumption,1000 bbl/d,0.6,0.7,0.6,0.7,0.7,0.7,0.7,0.7,0.7,0.7,0.8,0.9,0.9,1.2,1.7,1.7,1.8,1.7,1.7,1.7,1.7,NA
,Saint Lucia,,,,,,,,,,,,,,,,,,,,,,,
,Consumption,1000 bbl/d,1.2,1.4,1.4,1.4,1.5,1.5,1.5,2.3,2.4,2.5,2.7,2.7,2.6,2.7,2.9,3,2.9,3,3,3,3,NA
,Saint Pierre and Miquelon,,,,,,,,,,,,,,,,,,,,,,,
,Consumption,1000 bbl/d,0.8,0.9,0.6,0.6,0.4,0.5,0.5,0.5,0.5,0.5,0.5,0.5,0.6,0.6,0.6,0.6,0.6,0.6,0.6,0.6,0.6,NA
,Saint Vincent/Grenadines,,,,,,,,,,,,,,,,,,,,,,,
,Consumption,1000 bbl/d,0.6,0.9,0.9,0.9,1,1.2,1.2,1.2,1.2,1.3,1.4,1.5,1.5,1.5,1.5,1.5,1.5,1.5,1.5,1.5,1.5,NA
,Samoa,,,,,,,,,,,,,,,,,,,,,,,
,Consumption,1000 bbl/d,0.9,0.9,0.9,0.9,0.9,0.9,0.9,1,1,1,1,1.1,1.1,1.1,1.1,1.1,1.1,1.2,1.2,1.2,1.1,NA
,Sao Tome and Principe,,,,,,,,,,,,,,,,,,,,,,,
,Consumption,1000 bbl/d,0.5,0.5,0.5,0.5,0.5,0.5,0.5,0.6,0.6,0.6,0.6,0.6,0.7,0.7,0.7,0.8,0.8,0.9,0.9,0.9,0.9,NA
,Saudi Arabia,,,,,,,,,,,,,,,,,,,,,,,
,Consumption,1000 bbl/d,1260,1286,1255,1332,1384,1439,1479,1537,1606,1676,1775,1884,1964,2020,2094,2237,2436,2580,2761,2882,2961,NA
,Senegal,,,,,,,,,,,,,,,,,,,,,,,
,Consumption,1000 bbl/d,19,23,25,25,23,25,28,30,29,30,30,34,36,37,39,39,36,39,39,39,38,NA
,Serbia,,,,,,,,,,,,,,,,,,,,,,,
,Consumption,1000 bbl/d,--,--,--,--,--,--,--,--,--,--,--,--,--,77,92,87,83,80,79,70,72,NA
,Seychelles,,,,,,,,,,,,,,,,,,,,,,,
,Consumption,1000 bbl/d,3.4,3.4,3.5,3.4,3.7,3.7,3.7,3.8,4,5.7,5.5,5.8,5.7,7.7,6.4,6.9,7.5,6.8,6.8,6.8,6.8,NA
,Sierra Leone,,,,,,,,,,,,,,,,,,,,,,,
,Consumption,1000 bbl/d,5.3,5.4,5.7,5.6,5.8,5.8,5.8,6.1,3.6,3.6,4,4.1,3.4,4.6,4,3.8,4.1,4.4,4.4,4.4,4.4,NA
,Singapore,,,,,,,,,,,,,,,,,,,,,,,
,Consumption,1000 bbl/d,469,503,512,586,630,650,673,717,744,745,743,809,869,963,1012,1003,1024,1149,1216,1224,1240,NA
,Slovakia,,,,,,,,,,,,,,,,,,,,,,,
,Consumption,1000 bbl/d,64,65,65,68,74,74,68,67,72,80,75,75,78,79,83,86,81,84,82,71,73,73
,Slovenia,,,,,,,,,,,,,,,,,,,,,,,
,Consumption,1000 bbl/d,40,43,48,56,55,52,52,50,52,51,51,52,54,56,55,64,54,56,55,54,52,50
,Solomon Islands,,,,,,,,,,,,,,,,,,,,,,,
,Consumption,1000 bbl/d,1.1,1.1,1.2,1.2,1.2,1.2,1.2,1.2,1.2,1.3,1.3,1.3,1.4,1.3,1.5,1.4,1.5,1.5,1.5,1.5,1.5,NA
,Somalia,,,,,,,,,,,,,,,,,,,,,,,
,Consumption,1000 bbl/d,3.9,3.9,3.9,3.9,3.9,3.9,3.9,4.9,5.1,6.5,6.5,6.4,6.5,6.5,5.6,5.6,5.4,5.6,5.6,5.6,5.6,NA
,South Africa,,,,,,,,,,,,,,,,,,,,,,,
,Consumption,1000 bbl/d,402,410,421,428,439,451,466,458,458,475,490,504,537,551,569,589,548,584,616,638,612,NA
,Spain,,,,,,,,,,,,,,,,,,,,,,,
,Consumption,1000 bbl/d,1053,1116,1187,1199,1266,1356,1396,1433,1492,1505,1542,1571,1607,1588,1611,1547,1468,1441,1385,1301,1208,1208
,Sri Lanka,,,,,,,,,,,,,,,,,,,,,,,
,Consumption,1000 bbl/d,41,45,48,53,60,61,66,75,73,76,78,81,87,84,88,84,81,89,100,108,108,NA
,Sudan and South Sudan,,,,,,,,,,,,,,,,,,,,,,,
,Consumption,1000 bbl/d,32,28,26,26,27,27,30,43,56,58,65,71,77,87,100,107,101,115,111,107,107,NA
,Suriname,,,,,,,,,,,,,,,,,,,,,,,
,Consumption,1000 bbl/d,9.6,9.4,9.7,9.5,9.8,9.9,9.9,10,11,11,12,12,13,13,13,13,13,17,17,17,17,NA
,Swaziland,,,,,,,,,,,,,,,,,,,,,,,
,Consumption,1000 bbl/d,3.3,3.5,3.5,3.5,3.5,3.5,3.5,3.5,3.5,3.5,3.5,3.5,3.5,3.9,4.8,4.9,4.8,4.8,4.8,4.8,4.8,NA
,Sweden,,,,,,,,,,,,,,,,,,,,,,,
,Consumption,1000 bbl/d,365,390,388,413,394,401,392,362,369,373,370,368,360,354,350,337,318,336,315,300,296,309
,Switzerland,,,,,,,,,,,,,,,,,,,,,,,
,Consumption,1000 bbl/d,267,263,267,272,268,281,282,274,277,268,270,270,267,266,254,262,256,261,242,246,251,228
,Syria,,,,,,,,,,,,,,,,,,,,,,,
,Consumption,1000 bbl/d,209,224,226,229,240,248,256,256,254,256,257,258,259,261,281,347,334,309,294,221,224,NA
,Taiwan,,,,,,,,,,,,,,,,,,,,,,,
,Consumption,1000 bbl/d,616,659,737,780,775,808,853,865,882,894,930,948,939,960,1034,978,971,1020,944,935,975,NA
,Tajikistan,,,,,,,,,,,,,,,,,,,,,,,
,Consumption,1000 bbl/d,15,12,13,15,17,19,21,23,25,25,27,29,32,34,40,11,10,11,12,12,12,NA
,Tanzania,,,,,,,,,,,,,,,,,,,,,,,
,Consumption,1000 bbl/d,17,15,15,15,15,15,16,16,19,22,23,25,27,28,30,33,34,32,34,35,35,NA
,Thailand,,,,,,,,,,,,,,,,,,,,,,,
,Consumption,1000 bbl/d,545,603,679,749,781,737,734,725,754,843,920,1009,1008,1030,1032,1002,1059,1074,1110,1152,1171,NA
,Timor-Leste (East Timor),,,,,,,,,,,,,,,,,,,,,,,
,Consumption,1000 bbl/d,--,--,--,--,--,--,--,--,--,--,1.1,1.2,1.2,1.2,2.2,1.3,1.3,1.3,1.3,1.3,1.3,NA
,Togo,,,,,,,,,,,,,,,,,,,,,,,
,Consumption,1000 bbl/d,3.6,4.1,4.1,4.2,4.3,4.3,6.8,9.5,6.8,8.8,14,15,15,16,17,8.8,9.2,16,14,13,13,NA
,Tonga,,,,,,,,,,,,,,,,,,,,,,,
,Consumption,1000 bbl/d,0.7,0.8,0.8,0.9,0.9,0.9,0.9,0.9,0.9,0.8,0.8,0.8,1,1.2,1.2,1.2,1.2,1.2,1.2,1.2,1.2,NA
,Trinidad and Tobago,,,,,,,,,,,,,,,,,,,,,,,
,Consumption,1000 bbl/d,21,24,22,20,22,22,23,25,29,28,31,32,35,37,39,41,37,41,41,43,42,NA
,Tunisia,,,,,,,,,,,,,,,,,,,,,,,
,Consumption,1000 bbl/d,74,75,70,73,78,81,79,85,87,88,88,89,90,88,88,92,87,88,82,85,86,NA
,Turkey,,,,,,,,,,,,,,,,,,,,,,,
,Consumption,1000 bbl/d,565,542,608,634,631,629,627,667,619,658,645,661,659,678,680,668,703,673,655,689,731,705
,Turkmenistan,,,,,,,,,,,,,,,,,,,,,,,
,Consumption,1000 bbl/d,66,63,64,62,66,58,54,62,74,78,87,95,96,95,100,88,84,135,137,146,144,NA
,Turks and Caicos Islands,,,,,,,,,,,,,,,,,,,,,,,
,Consumption,1000 bbl/d,,,(s),(s),(s),(s),(s),(s),0.1,(s),(s),(s),(s),(s),0.5,1,1.1,1.3,1.3,1.3,1.3,NA
,Tuvalu,,,,,,,,,,,,,,,,,,,,,,,
,Consumption,1000 bbl/d,,,,,,,,,,,,,,,,,,,,,,
,U.S. Pacific Islands,,,,,,,,,,,,,,,,,,,,,,,
,Consumption,1000 bbl/d,1.9,1.9,2,2,2,2,2,2,2,2,2,2,2,2.1,2.1,2.4,2.1,2.4,2.1,2.1,2,NA
,U.S. Territories,,,,,,,,,,,,,,,,,,,,,,,
,Consumption,1000 bbl/d,238,253,250,253,262,264,272,290,337,327,345,354,349,352,319,269,286,269,273,280,276,257
,Uganda,,,,,,,,,,,,,,,,,,,,,,,
,Consumption,1000 bbl/d,6.8,7,7,7,7.2,8.3,8.3,8.6,9.5,9.9,11,11,11,13,14,24,22,23,22,22,22,NA
,Ukraine,,,,,,,,,,,,,,,,,,,,,,,
,Consumption,1000 bbl/d,570,495,484,393,372,366,289,260,278,284,298,299,307,314,339,305,287,306,292,262,255,NA
,United Arab Emirates,,,,,,,,,,,,,,,,,,,,,,,
,Consumption,1000 bbl/d,310,337,343,336,337,342,351,370,396,412,452,487,497,529,579,606,586,615,650,679,694,NA
,United Kingdom,,,,,,,,,,,,,,,,,,,,,,,
,Consumption,1000 bbl/d,1829,1833,1816,1852,1810,1792,1811,1765,1747,1739,1759,1789,1819,1806,1751,1731,1635,1618,1577,1527,1502,1505
,Uruguay,,,,,,,,,,,,,,,,,,,,,,,
,Consumption,1000 bbl/d,35,33,31,34,37,44,48,43,34,37,37,38,40,47,45,60,59,54,61,66,64,NA
,Uzbekistan,,,,,,,,,,,,,,,,,,,,,,,
,Consumption,1000 bbl/d,179,173,185,144,140,147,150,146,148,151,150,152,145,137,142,86,94,82,76,68,69,NA
,Vanuatu,,,,,,,,,,,,,,,,,,,,,,,
,Consumption,1000 bbl/d,0.4,0.4,0.4,0.4,0.4,0.4,0.4,0.6,0.6,0.6,0.6,0.6,0.7,0.7,0.8,0.7,0.8,0.8,1,1,1,NA
,Venezuela,,,,,,,,,,,,,,,,,,,,,,,
,Consumption,1000 bbl/d,427,440,448,444,455,457,461,500,544,571,541,573,633,678,620,681,706,688,713,731,746,NA
,Vietnam,,,,,,,,,,,,,,,,,,,,,,,
,Consumption,1000 bbl/d,77,85,94,116,129,135,159,176,179,193,215,256,267,262,304,302,357,412,428,453,471,NA
,"Virgin Islands,  U.S.",,,,,,,,,,,,,,,,,,,,,,,
,Consumption,1000 bbl/d,,,,,,,,,,,,,,,,,,,,,,
,"Virgin Islands, British",,,,,,,,,,,,,,,,,,,,,,,
,Consumption,1000 bbl/d,0.4,0.4,0.4,0.4,0.4,0.4,0.4,0.4,0.4,0.4,0.5,0.6,0.6,0.7,0.8,0.8,0.8,1.2,0.8,0.8,0.8,NA
,Wake Island,,,,,,,,,,,,,,,,,,,,,,,
,Consumption,1000 bbl/d,8.7,8.8,8.8,8.9,8.9,8.9,8.9,9,9,9.2,9.2,9.1,9.1,9.3,9.6,9.1,9.3,9.1,9.3,9.3,9.3,NA
,Western Sahara,,,,,,,,,,,,,,,,,,,,,,,
,Consumption,1000 bbl/d,1.4,1.4,1.5,1.5,1.5,1.5,1.5,1.7,1.7,1.7,1.7,1.7,1.9,1.7,1.8,1.7,1.7,1.7,1.7,1.7,1.7,NA
,Yemen,,,,,,,,,,,,,,,,,,,,,,,
,Consumption,1000 bbl/d,69,66,72,74,79,85,89,97,102,112,121,123,128,140,121,147,131,162,135,130,134,NA
,Zambia,,,,,,,,,,,,,,,,,,,,,,,
,Consumption,1000 bbl/d,11,11,11,11,11,12,11,11,12,12,13,13,14,15,15,12,13,13,16,19,18,NA
,Zimbabwe,,,,,,,,,,,,,,,,,,,,,,,
,Consumption,1000 bbl/d,22,23,25,28,30,31,31,25,23,22,20,13,16,14,13,13,12,13,14,15,14,NA 
,,,,,,,,,,,,,,,,,,,,,,,,
,,,43671.5,44948.5,46190.5,47338.4,48491.4,48760.1,49552.2,49849.9,50573.4,50892.9,51797.1,53137.6,54207.9,54836.9,55739.3,55920.6,55304.4,56961.2,57318.8,58280.8,58317,
,,,,,,,,,,,,,,,,,,,,,,,,
,,,,,,,,,,,,,,,,,,,,,,,,
,,,,,,,,,,,,,,,,,,,,,,,,
,,,1993,1994,1995,1996,1997,1998,1999,2000,2001,2002,2003,2004,2005,2006,2007,2008,2009,2010,2011,2012,2013,2014